blue,clock_speed,dual_sim,fc,four_g,int_memory,n_cores,pc,ram,sc_h,sc_w,talk_time,three_g,touch_screen,wifi,price_range
0,2.2,0,1,0,7,2,2,2549,9,7,19,0,0,1,1
1,0.5,1,0,1,53,3,6,2631,17,3,7,1,1,0,2
1,0.5,1,2,1,41,5,6,2603,11,2,9,1,1,0,2
1,2.5,0,0,0,10,6,9,2769,16,8,11,1,0,0,2
1,1.2,0,13,1,44,2,14,1411,8,2,15,1,1,0,1
0,0.5,1,3,0,22,1,7,1067,17,1,10,1,0,0,1
0,1.7,0,4,1,10,8,10,3220,13,8,18,1,0,1,3
0,0.5,1,0,0,24,4,0,700,16,3,5,1,1,1,0
1,0.5,0,0,0,53,7,14,1099,17,1,20,1,0,0,0
1,0.6,1,2,1,9,5,15,513,19,10,12,1,0,0,0
1,2.9,1,0,0,9,5,1,3946,5,2,7,0,0,0,3
1,2.2,0,5,1,33,8,18,3826,14,9,13,1,1,1,3
0,2.8,0,2,0,33,4,17,1482,18,0,2,1,0,0,1
1,2.1,0,7,0,17,4,11,2680,7,1,4,1,0,1,2
0,0.5,0,13,1,52,1,17,373,14,9,3,1,0,1,0
0,1.0,0,3,0,46,2,16,568,17,15,11,1,1,1,0
0,0.5,0,1,1,13,8,4,3554,10,9,19,1,0,1,3
0,0.9,1,7,1,23,3,17,3752,10,2,18,1,1,0,3
1,0.5,1,11,0,49,5,18,1835,19,13,16,1,1,0,1
1,0.5,0,4,0,19,4,11,2337,11,1,18,0,1,1,1
0,1.1,1,12,0,39,7,14,2819,17,15,3,1,1,0,3
1,2.1,0,1,0,13,2,2,3283,17,1,15,1,0,0,3
0,2.6,1,4,0,47,4,7,1433,11,5,20,0,0,1,1
1,2.8,1,4,1,38,3,20,1037,8,7,20,1,0,0,0
0,1.2,1,5,1,8,3,13,2583,11,0,12,1,0,0,1
1,1.4,1,0,1,57,8,3,2782,18,9,7,1,1,1,2
1,1.6,1,7,1,51,4,19,3763,16,1,4,1,0,1,3
0,0.5,0,1,1,41,7,6,3286,17,8,12,1,1,0,3
0,1.6,1,12,1,52,2,18,2373,10,1,10,1,1,1,2
0,0.5,0,3,0,21,5,7,478,12,7,10,1,0,1,0
1,0.5,1,0,0,5,7,9,3532,17,11,12,0,0,1,3
1,0.5,0,16,0,33,8,20,508,5,1,6,1,1,1,0
1,0.9,0,3,1,41,1,18,2227,18,5,3,1,1,1,1
1,2.2,1,0,1,51,4,0,3845,7,0,12,1,1,0,3
1,2.7,0,0,0,22,8,3,1262,12,1,15,1,0,0,0
0,1.3,1,16,0,60,8,17,1326,10,4,15,1,0,0,1
1,2.3,1,1,0,61,4,10,2113,13,7,2,1,0,1,1
1,1.6,1,6,1,6,2,18,3429,6,5,4,1,1,0,3
0,2.0,1,16,1,11,6,17,3169,6,1,2,1,0,1,2
0,0.5,1,15,0,50,2,20,2150,18,12,11,1,1,0,2
0,2.9,0,5,0,44,1,14,2484,18,2,11,1,0,1,2
1,2.3,0,8,1,41,2,10,3339,18,10,19,1,1,0,3
1,0.5,1,5,1,5,2,19,1878,15,0,4,1,1,0,1
0,1.0,0,5,1,34,3,7,1629,15,12,14,1,1,0,1
1,2.8,0,1,1,20,2,14,504,9,3,12,1,1,0,0
0,2.9,0,0,0,27,3,1,1152,8,3,20,0,1,1,1
1,1.1,1,1,0,42,8,14,3587,10,5,3,1,0,0,3
1,1.8,1,3,1,40,7,10,2296,16,12,12,1,0,1,1
1,2.6,1,2,1,57,8,8,1270,15,3,5,1,0,1,0
0,2.1,1,9,0,64,8,15,3238,16,13,10,0,0,0,3
1,3.0,1,2,1,14,3,19,2059,5,0,15,1,0,1,2
0,1.4,1,5,0,63,8,19,2053,19,12,16,0,1,0,2
1,1.5,1,0,1,43,2,0,3112,12,5,10,1,1,0,3
0,1.9,1,1,1,16,3,10,1440,17,8,12,1,0,1,1
1,0.5,1,0,0,51,7,0,2908,6,0,18,0,1,0,2
0,2.1,1,10,1,46,3,20,2552,14,7,13,1,0,0,2
1,2.7,1,13,0,60,8,19,905,14,11,17,1,1,1,0
0,1.3,1,0,1,61,3,9,3963,9,4,20,1,0,1,3
0,0.5,0,8,0,49,6,14,2056,7,5,4,0,0,0,1
0,1.4,1,2,1,48,5,4,2910,15,13,9,1,1,1,2
0,3.0,0,3,0,12,3,5,1457,14,4,20,1,1,0,1
1,2.3,0,1,1,63,8,6,431,15,6,6,1,1,1,0
1,1.2,1,0,1,50,2,0,470,7,0,15,1,1,0,0
0,2.0,0,15,1,55,2,18,2148,14,2,5,1,1,1,2
0,2.6,1,2,1,9,3,3,2955,10,4,19,1,0,0,2
0,1.9,1,13,1,44,3,17,3366,18,8,13,1,1,0,3
1,0.5,0,11,1,36,4,14,3068,9,4,4,1,1,0,3
0,1.4,0,0,0,30,3,0,3834,16,11,8,0,0,0,3
0,1.1,1,0,0,10,2,1,1050,11,1,4,1,0,1,0
0,1.5,1,0,1,43,4,1,3993,7,1,7,1,1,0,3
1,0.5,1,6,1,45,7,11,3378,13,11,2,1,1,1,3
1,2.4,0,1,1,22,4,4,2192,9,7,13,1,0,1,2
0,1.0,0,8,1,9,3,16,392,15,6,4,1,0,0,0
0,1.2,0,3,0,43,1,5,3709,11,0,12,1,1,1,3
1,2.9,1,4,0,38,4,6,590,9,2,6,0,1,0,0
0,0.6,1,8,1,42,6,20,1814,5,4,13,1,0,1,1
0,2.8,0,4,1,9,3,15,907,10,7,17,1,1,0,0
1,1.6,1,1,0,33,1,3,1449,11,7,6,0,0,1,0
1,2.5,1,15,1,16,4,20,3448,17,13,10,1,0,1,3
0,1.0,1,6,0,29,6,8,1837,8,7,16,0,1,1,1
1,0.6,1,0,1,58,7,7,3464,19,10,6,1,1,1,3
0,2.9,1,11,1,64,4,19,2593,14,11,16,1,1,0,2
1,0.9,1,2,0,45,5,3,3484,9,6,11,0,1,1,3
0,0.8,0,11,0,61,3,15,2009,10,3,11,1,0,0,1
1,2.9,1,5,1,57,1,13,2048,11,5,17,1,1,1,1
1,2.4,0,5,0,25,8,17,837,15,9,4,0,0,1,1
1,2.0,1,4,0,42,5,5,854,16,0,7,0,1,1,0
1,2.9,1,1,1,64,3,11,3210,13,3,4,1,0,0,3
0,0.5,1,0,0,3,5,13,2746,9,5,8,1,1,1,2
0,1.1,1,0,0,33,4,14,2334,10,1,11,1,0,1,2
0,2.0,1,2,1,57,3,5,2822,19,3,16,1,1,0,3
1,2.0,1,7,1,54,7,18,1971,18,7,14,1,1,0,2
0,2.3,1,0,1,15,7,0,1410,16,10,5,1,1,1,0
1,2.5,0,11,1,14,6,15,349,16,10,2,1,0,1,0
0,1.7,1,6,0,7,3,9,1418,19,17,12,0,1,0,1
1,1.0,0,18,0,7,3,19,3616,13,5,12,1,1,1,3
0,2.3,0,10,1,23,5,16,880,19,4,8,1,1,0,0
1,0.5,0,3,1,60,6,18,1601,18,17,14,1,0,0,2
0,2.5,0,0,0,37,2,1,1412,14,3,18,0,1,0,0
0,0.5,0,6,0,31,7,7,1692,6,2,7,1,0,0,1
1,0.5,0,3,1,10,6,13,2600,16,8,20,1,0,0,3
1,1.1,0,4,1,12,8,9,1308,16,7,11,1,0,1,1
0,0.5,0,0,0,57,5,4,2413,17,14,15,1,0,0,1
1,2.8,1,0,1,55,4,10,1047,14,10,18,1,1,0,0
0,2.4,1,1,1,8,7,3,1204,11,4,8,1,1,1,0
0,0.7,1,2,1,39,4,3,1799,5,2,11,1,0,1,1
0,1.9,1,5,0,23,5,10,2676,12,6,11,0,1,1,3
1,2.4,0,3,0,42,5,16,2597,18,1,14,1,0,0,3
1,2.0,1,0,0,46,1,4,3029,19,17,9,1,1,1,3
1,1.5,0,3,0,41,1,7,2343,19,13,14,1,1,1,3
0,1.8,1,0,1,43,3,4,2016,16,4,18,1,1,0,1
1,2.3,0,0,0,32,7,20,2213,18,13,7,0,0,0,1
0,1.4,1,0,1,4,6,1,790,13,6,3,1,1,0,0
1,1.1,1,13,0,7,5,14,3182,8,4,5,1,1,0,2
0,0.5,0,9,1,22,7,19,3472,9,1,20,1,0,1,3
1,2.3,0,1,1,18,7,9,2871,12,1,13,1,1,1,3
1,1.4,0,0,0,53,8,0,3187,12,9,4,1,0,0,2
1,2.6,0,3,1,40,3,11,1945,15,4,10,1,1,0,1
0,1.3,1,8,0,46,1,12,488,5,3,9,0,1,0,0
0,0.5,0,0,0,15,3,0,1214,5,0,14,1,0,0,1
1,1.6,1,3,0,10,8,7,2598,12,9,6,0,1,0,2
1,2.4,1,1,1,10,4,2,3242,18,11,4,1,1,0,3
1,0.5,1,7,0,52,3,10,3534,10,4,6,0,1,0,3
0,1.1,0,5,1,36,2,7,3426,5,4,17,1,1,1,3
0,2.0,0,3,1,25,5,4,2488,13,5,15,1,0,0,2
0,2.8,0,5,0,16,1,20,3255,19,14,9,0,0,1,3
1,2.4,1,0,1,58,4,1,2863,9,3,18,1,0,1,2
0,2.3,0,4,1,25,6,17,1496,6,4,7,1,1,1,1
0,0.9,1,11,0,31,3,16,3801,12,0,7,1,0,1,3
0,1.4,0,0,1,19,6,1,666,12,10,13,1,1,0,0
0,2.0,1,2,0,54,7,3,3799,17,7,7,1,0,1,3
0,2.5,1,9,0,2,1,14,1366,7,0,20,1,1,1,1
0,0.5,0,1,0,41,7,10,2962,12,9,4,1,1,1,2
0,2.9,1,7,0,30,8,12,2399,10,5,7,1,1,1,1
1,1.1,1,1,0,36,4,5,2338,12,8,20,0,0,0,2
1,0.5,0,0,0,16,5,0,2700,12,3,9,0,0,1,2
1,2.5,1,0,0,22,6,8,2235,19,4,4,1,0,0,1
0,0.5,1,5,1,46,8,7,3825,12,11,2,1,1,1,3
0,2.4,1,12,1,3,7,14,284,12,9,4,1,1,0,0
0,2.6,1,1,0,14,8,2,1427,9,1,9,0,1,0,0
0,0.5,1,0,1,31,1,18,1324,17,0,17,1,0,1,2
0,1.8,1,1,1,14,3,4,398,17,0,5,1,0,0,0
1,2.5,0,4,1,43,1,5,3685,18,17,17,1,1,1,3
0,2.2,1,0,0,33,7,6,2390,12,11,5,1,0,1,2
0,2.1,0,3,1,64,3,11,278,19,0,10,1,1,0,0
0,1.4,1,1,1,9,2,2,3556,18,12,16,1,0,0,3
0,1.8,0,0,0,31,2,7,2196,12,6,19,0,1,1,1
0,2.4,1,3,1,40,7,4,3799,16,1,4,1,0,0,3
0,3.0,0,4,0,47,3,7,2268,13,5,4,0,1,1,2
0,1.6,0,6,1,41,1,7,2965,13,10,15,1,0,0,2
1,0.5,0,1,1,56,5,17,2341,10,1,20,1,1,1,1
0,2.2,1,4,0,56,7,14,3557,16,11,12,0,1,1,3
1,2.1,0,3,1,61,6,12,1354,16,7,19,1,0,0,1
0,1.0,0,2,1,32,2,9,2147,19,1,11,1,1,0,2
0,2.9,1,6,0,45,2,8,505,12,2,3,0,1,1,0
0,2.3,1,4,1,46,1,6,1394,16,10,6,1,1,0,1
0,2.3,0,3,1,60,4,4,374,18,4,8,1,0,1,0
0,0.5,0,16,1,6,6,18,506,10,0,11,1,1,1,0
0,2.8,0,0,0,29,6,0,3702,17,0,19,0,0,0,3
0,0.5,1,12,0,34,1,16,1078,8,0,10,0,0,0,1
1,0.7,1,4,1,37,5,13,2945,10,5,16,1,1,1,2
1,1.5,1,10,0,51,6,16,2981,15,6,7,1,1,1,2
0,0.9,1,0,1,14,5,3,490,7,1,4,1,1,1,0
0,0.9,0,11,0,26,1,20,536,17,14,4,1,0,1,0
0,2.1,1,11,1,3,8,17,2317,16,4,7,1,0,1,2
0,1.4,1,3,1,33,4,8,3704,17,16,11,1,0,1,3
1,1.7,0,0,1,27,8,4,2126,18,9,7,1,0,0,1
1,2.4,0,2,1,10,6,3,2050,7,6,12,1,1,1,2
0,0.6,0,0,1,58,7,8,2462,12,8,10,1,0,0,3
0,2.8,1,17,0,44,4,20,1260,9,2,17,1,0,0,1
1,0.6,1,2,1,32,7,6,3770,5,3,13,1,1,0,3
0,3.0,0,2,1,8,5,5,1886,17,4,20,1,1,0,1
1,1.2,1,5,1,10,4,8,3323,9,1,7,1,1,1,2
0,0.5,1,0,1,42,5,4,2060,19,6,12,1,0,0,2
0,0.5,1,0,1,16,5,1,3926,16,12,20,1,0,0,3
0,1.7,1,8,1,25,6,15,2177,7,5,13,1,1,1,2
0,0.5,0,2,0,29,7,10,728,14,8,4,0,0,1,0
0,1.3,1,0,0,23,5,1,2478,14,8,20,1,0,0,3
0,0.8,1,0,1,22,2,13,2842,16,12,2,1,0,0,2
1,2.2,1,2,0,63,7,4,1617,17,4,19,0,0,1,1
1,2.7,0,12,1,30,1,20,1472,14,7,7,1,0,0,0
1,2.4,0,11,0,41,6,12,764,19,12,15,1,0,0,0
0,0.8,0,0,0,38,8,5,2337,6,1,17,0,1,1,2
1,2.6,1,15,0,20,4,19,3965,16,1,6,1,0,0,3
1,1.2,0,0,0,54,5,12,3693,17,14,16,1,1,0,3
1,2.1,1,1,1,4,3,13,797,13,2,15,1,1,0,0
0,0.5,0,0,1,5,6,9,1687,11,0,18,1,0,0,2
1,2.6,1,0,1,46,1,17,2940,13,9,2,1,1,1,3
1,0.5,0,3,1,6,1,5,1545,9,5,10,1,1,0,1
0,1.4,1,2,0,43,5,5,3834,17,7,13,1,1,1,3
0,1.4,0,8,0,46,1,18,2505,15,4,15,1,1,0,1
1,1.3,1,1,1,7,5,15,2243,12,10,6,1,0,0,2
1,0.5,1,4,1,64,8,8,3600,17,9,7,1,1,1,3
1,2.4,0,5,1,57,2,6,3971,18,12,10,1,1,1,3
0,0.6,0,0,0,20,4,15,2844,7,5,18,1,1,0,2
0,2.1,0,1,1,23,7,8,2227,18,10,3,1,1,0,2
0,2.5,1,0,1,41,3,13,1665,17,9,12,1,1,1,2
0,1.9,0,0,1,61,3,7,3355,15,2,4,1,0,1,3
0,0.5,0,3,0,26,4,4,1866,11,10,14,1,1,1,1
0,0.6,1,9,1,36,3,20,1287,13,4,16,1,0,0,1
1,0.5,0,0,1,22,1,0,1046,5,4,13,1,0,1,0
1,2.4,1,7,1,20,7,15,1441,7,4,13,1,1,1,1
0,1.3,0,0,1,16,3,9,690,14,6,6,1,0,1,0
0,0.9,1,10,0,30,7,17,2504,6,4,15,1,0,0,2
1,2.3,0,6,0,61,6,19,2677,19,15,8,1,0,0,2
0,0.5,1,0,1,47,8,1,2243,11,7,4,1,0,1,2
0,0.5,1,16,1,8,6,17,2984,13,4,17,1,0,1,2
0,1.5,0,7,0,49,5,16,1362,5,0,12,0,0,1,1
1,1.1,1,1,1,51,7,4,3629,19,15,6,1,1,1,3
1,0.5,1,0,1,35,6,6,3559,18,17,6,1,1,0,3
0,1.8,1,0,0,23,3,1,2571,11,0,13,1,0,1,2
1,2.6,0,0,0,41,8,0,2107,15,9,10,1,0,1,2
1,2.2,0,9,0,63,5,17,1022,11,3,13,0,0,0,0
0,1.7,0,4,1,39,5,16,2844,14,9,10,1,1,0,2
0,1.0,1,0,1,50,1,0,711,9,5,10,1,1,0,0
1,0.5,0,3,1,53,3,7,3117,18,5,8,1,1,1,3
0,1.2,1,0,1,49,8,2,978,5,3,7,1,0,1,0
0,0.9,0,5,1,17,5,9,1869,13,1,16,1,1,1,1
0,0.5,0,0,1,24,3,1,1179,16,7,20,1,0,1,1
0,1.1,0,4,0,51,5,6,3844,11,8,4,0,1,0,3
1,1.6,1,6,1,29,5,19,593,19,17,10,1,0,1,0
0,0.5,0,5,1,40,2,10,588,6,5,18,1,1,1,0
1,2.1,1,8,0,13,4,12,3836,12,11,11,0,0,0,3
1,0.5,1,1,1,25,6,11,2669,12,10,13,1,0,0,2
1,2.8,1,3,0,38,4,4,2958,14,11,2,0,0,0,3
1,1.4,0,1,1,17,2,5,3031,11,6,6,1,1,1,3
1,2.4,1,18,1,49,1,19,3388,6,4,16,1,1,1,3
1,2.9,1,0,0,31,8,1,2377,18,8,13,0,1,0,2
0,1.9,1,2,1,37,4,19,2458,19,16,3,1,0,1,2
0,1.8,0,17,0,24,3,18,2766,7,2,7,0,1,1,3
0,0.5,0,1,0,39,5,6,3054,14,10,19,0,0,0,3
1,1.8,1,4,0,9,1,6,3791,11,10,6,0,1,1,3
0,1.0,1,4,1,31,8,17,625,17,6,13,1,0,0,0
0,1.0,1,0,0,27,3,19,2227,6,5,20,1,1,0,1
0,1.7,0,12,1,6,2,15,3256,9,8,6,1,1,0,2
1,1.8,0,6,1,11,1,8,707,19,8,19,1,1,0,0
0,1.4,0,3,0,42,5,12,1457,18,12,20,1,0,1,1
1,2.5,1,14,1,6,5,16,3755,7,1,8,1,1,1,3
0,0.5,0,0,0,38,7,1,1733,9,0,11,1,0,1,1
1,0.5,0,0,0,49,4,2,720,12,2,11,1,1,1,0
1,2.2,0,0,1,49,8,1,3560,11,1,16,1,1,1,2
0,2.7,1,0,0,44,7,0,2311,7,6,7,1,0,0,2
1,0.5,0,0,1,51,6,20,3846,10,1,3,1,0,0,3
0,1.9,0,2,0,10,5,10,1717,7,1,16,1,1,1,2
0,2.8,0,7,1,37,7,14,3704,8,6,11,1,0,0,3
1,1.0,1,2,0,50,7,12,3800,8,3,14,1,0,0,3
1,0.8,1,3,0,23,2,15,278,16,3,11,0,0,1,0
0,1.0,0,3,1,48,4,15,1767,18,15,11,1,1,0,1
1,2.5,0,4,0,7,5,10,1846,12,5,7,1,0,1,1
1,1.3,1,3,1,30,2,4,829,9,0,10,1,0,0,0
0,2.5,1,0,0,55,2,1,2986,7,1,6,0,1,1,2
0,0.5,0,0,0,63,5,0,2394,17,9,7,0,0,0,2
1,2.7,1,0,1,63,8,7,2169,6,5,7,1,1,1,1
0,1.1,1,2,0,7,4,7,1181,13,5,15,1,1,1,0
1,2.7,1,9,0,19,1,17,575,15,9,12,0,0,0,0
1,1.5,0,5,1,57,7,16,2977,6,4,2,1,0,0,2
1,1.4,0,4,1,4,4,13,532,12,8,10,1,1,1,0
1,0.5,1,1,0,32,7,11,1702,17,0,5,1,1,1,1
0,1.8,1,0,1,51,3,1,1074,14,8,15,1,1,0,0
1,1.6,1,6,1,6,6,17,3352,9,1,3,1,1,1,3
0,0.5,1,7,1,59,7,10,1027,6,3,5,1,0,0,1
0,2.7,1,0,0,25,4,1,2039,5,1,12,1,1,1,1
1,0.5,0,0,1,56,1,1,461,7,3,8,1,0,0,0
0,1.5,0,4,0,28,4,10,527,10,0,15,0,1,0,0
0,2.6,0,8,0,18,2,16,3271,14,0,15,1,0,1,3
1,1.6,0,5,1,57,2,15,606,9,3,4,1,1,1,1
0,0.5,0,10,1,40,6,14,2513,10,8,16,1,1,0,3
0,1.1,1,10,1,38,6,12,1675,18,4,14,1,1,1,1
1,1.6,1,4,0,47,5,5,2698,9,6,17,1,1,0,2
1,2.3,1,0,0,28,1,6,1129,12,1,6,0,1,0,1
0,0.6,0,2,1,7,7,18,468,19,13,6,1,1,0,0
0,2.1,1,0,1,4,8,2,1210,19,15,4,1,1,1,0
1,0.8,1,7,1,45,1,12,3086,17,6,5,1,1,1,3
1,0.5,1,11,0,3,3,14,1595,8,4,9,1,0,1,1
0,1.0,1,5,1,30,2,15,2332,17,13,14,1,1,1,2
0,2.9,0,3,0,62,4,8,2589,19,11,15,1,1,1,2
0,0.5,0,0,1,61,4,13,3760,9,5,13,1,1,1,3
1,2.8,1,3,1,8,4,19,1851,8,2,9,1,1,0,1
0,0.8,0,12,1,2,7,13,417,8,4,9,1,0,1,0
1,0.5,0,0,0,39,8,4,294,13,9,11,0,0,1,0
1,2.8,0,3,1,36,6,20,3576,17,16,9,1,0,0,3
0,1.5,1,0,1,40,3,14,3945,11,7,18,1,0,1,3
1,1.2,0,9,1,54,7,11,927,19,10,18,1,0,1,1
0,2.7,0,6,1,6,3,7,2044,15,5,2,1,0,1,1
1,2.1,1,7,0,56,8,9,2334,11,5,4,1,0,0,2
0,1.9,0,0,1,27,1,3,1477,12,0,6,1,0,0,1
1,1.9,1,6,0,16,7,7,3161,8,4,3,0,0,0,3
0,2.4,0,0,1,24,8,0,3660,7,5,5,1,1,0,3
0,1.3,1,16,1,26,1,20,1604,14,3,9,1,0,1,1
1,0.5,1,0,0,42,6,4,2211,7,4,18,0,0,1,1
1,2.1,1,8,0,63,2,11,3822,14,3,18,0,1,1,3
0,1.7,1,10,0,16,7,13,3922,11,1,8,0,0,1,3
1,1.9,0,6,0,9,6,18,1203,14,12,18,1,1,1,2
0,0.5,0,6,1,48,5,14,2822,15,5,11,1,1,1,3
0,1.6,1,1,1,34,5,5,447,15,13,12,1,1,0,0
0,2.0,0,0,1,56,7,1,1652,5,0,20,1,0,0,1
1,2.6,0,7,0,12,8,19,3608,15,1,16,0,1,0,3
1,1.0,0,1,0,52,6,2,1228,8,6,6,1,0,1,1
1,0.5,1,11,0,56,8,13,666,19,10,5,0,1,0,0
1,0.5,1,8,1,38,7,17,1499,12,8,19,1,0,1,1
1,1.7,0,17,0,58,1,19,3321,5,4,14,1,1,0,3
1,1.1,1,2,0,57,6,7,1206,7,1,8,0,1,1,0
1,0.9,0,16,1,56,1,20,952,19,3,16,1,0,1,0
1,0.5,1,11,0,12,2,14,3927,5,3,15,0,1,1,3
0,0.9,0,1,1,29,2,8,311,18,5,19,1,0,0,0
0,2.0,0,18,0,52,3,20,955,18,11,7,1,1,1,1
0,2.2,0,0,1,37,3,2,1109,13,1,19,1,1,0,1
0,0.5,1,6,0,8,6,20,2969,8,6,17,0,0,1,2
0,2.0,0,11,0,42,6,13,725,11,10,19,0,0,1,0
1,1.8,1,1,0,40,4,8,1655,7,6,15,1,0,0,2
1,1.5,1,5,0,44,2,6,3490,16,12,13,0,1,0,3
0,1.4,0,0,0,41,7,2,1774,12,0,10,0,0,0,2
0,0.5,1,1,1,50,3,14,3615,13,0,6,1,0,1,3
0,1.2,0,6,1,41,8,17,714,18,2,13,1,1,0,0
0,2.8,1,0,0,49,2,0,2768,19,2,12,0,0,1,2
0,0.7,0,3,0,49,8,17,3739,14,1,13,1,0,0,3
0,0.7,0,6,1,64,4,9,610,8,1,6,1,1,0,1
1,0.9,0,6,1,14,2,13,715,18,5,20,1,0,1,0
0,0.8,0,7,1,42,1,8,663,13,12,7,1,0,0,0
0,2.1,1,6,0,64,3,8,1725,14,5,9,1,0,1,1
0,1.7,1,0,1,5,2,20,834,16,0,5,1,1,0,0
0,0.5,1,2,1,29,1,13,3865,12,10,18,1,0,0,3
0,2.3,1,1,0,64,1,2,3059,6,5,10,0,1,0,3
1,2.1,1,14,1,63,1,17,651,9,6,7,1,1,0,0
0,2.1,0,5,1,18,6,20,796,13,3,14,1,0,1,0
0,2.1,1,5,0,25,7,14,785,10,7,5,0,1,1,0
1,1.5,1,0,0,21,1,11,3252,16,0,8,0,0,0,2
1,0.5,0,6,0,26,1,15,1322,15,11,7,0,1,1,1
0,0.5,1,1,0,27,1,16,2832,7,1,15,0,1,1,2
1,0.5,1,5,0,13,5,8,1615,11,6,13,0,1,0,1
0,0.5,0,5,0,20,1,10,2125,17,15,15,0,1,1,1
0,2.3,0,0,1,9,6,3,990,6,1,2,1,0,1,1
0,2.0,1,0,1,20,4,10,1595,14,0,12,1,1,0,1
1,1.0,0,1,1,7,3,17,1213,5,0,16,1,1,1,1
1,1.3,1,8,0,47,2,13,2500,17,1,11,0,0,1,2
0,0.8,1,0,0,18,4,1,2801,18,15,12,0,1,0,2
1,1.2,1,0,0,47,3,1,3451,15,1,11,1,1,0,3
0,2.3,0,2,1,48,1,19,1201,14,12,4,1,1,0,0
0,1.4,0,2,1,36,1,6,3139,14,7,14,1,1,0,2
0,2.3,0,0,1,22,7,1,1938,15,11,16,1,1,1,2
0,1.8,1,5,0,54,3,9,3185,8,4,15,1,0,0,2
1,2.4,1,5,1,2,6,13,2111,18,7,2,1,0,1,1
1,2.9,1,8,0,17,8,15,2369,7,0,18,1,1,0,2
1,2.7,1,6,0,37,7,20,3625,17,1,12,0,1,1,3
0,2.1,0,2,0,6,1,4,1051,13,10,15,0,0,1,0
1,1.3,0,0,1,52,4,4,1036,17,4,13,1,0,0,1
1,2.8,0,2,1,10,5,7,2938,6,0,5,1,1,1,2
1,0.6,0,6,1,3,6,13,2855,5,0,19,1,0,1,2
1,1.0,0,7,1,57,1,15,2727,13,3,8,1,0,0,2
1,0.5,1,2,0,42,3,4,2973,12,5,18,0,0,1,2
1,3.0,0,15,1,44,1,16,2581,15,11,15,1,0,1,1
0,2.8,1,16,0,2,5,20,2690,18,16,9,0,0,1,3
1,1.7,0,2,0,33,8,5,916,13,10,12,0,1,1,0
0,0.5,0,7,1,8,8,16,2563,19,17,19,1,0,0,2
1,2.1,1,10,1,19,7,18,3359,10,0,14,1,0,0,2
1,2.9,0,7,1,64,4,12,941,8,4,9,1,1,0,1
1,2.1,1,0,0,17,1,1,2280,17,14,4,0,0,0,2
0,2.0,1,1,1,50,7,3,827,15,9,6,1,0,1,0
1,0.9,1,10,1,62,5,13,473,11,1,20,1,1,0,0
1,2.3,1,1,1,61,7,3,3865,10,7,11,1,0,0,3
0,0.8,0,10,0,21,7,19,1274,18,7,3,0,0,0,1
0,0.5,1,13,1,57,2,18,364,11,1,7,1,1,0,0
1,0.7,1,4,0,32,2,7,3699,17,11,13,0,1,1,3
0,1.5,1,0,1,21,4,2,2927,14,13,11,1,0,1,2
1,2.6,0,0,0,36,4,12,1470,13,0,14,0,1,0,0
0,1.7,1,8,1,2,8,14,1050,6,4,8,1,1,0,0
0,1.6,1,0,0,9,6,2,2616,18,8,10,1,1,1,2
0,2.9,1,0,0,34,8,17,2915,8,2,10,1,1,0,3
0,1.4,0,8,1,46,1,12,2686,11,7,18,1,1,1,2
0,0.5,1,8,1,52,6,12,1243,19,18,5,1,1,1,1
1,2.9,0,10,0,52,2,12,3264,16,1,13,0,1,1,3
0,1.1,0,4,1,36,7,18,2261,7,6,16,1,1,1,1
1,1.5,1,17,1,55,5,19,2993,5,1,20,1,1,1,3
1,1.7,1,0,0,58,7,0,706,12,9,16,0,1,0,0
1,2.4,0,5,1,42,5,14,2542,10,1,8,1,0,0,3
1,2.6,0,0,0,30,7,10,2523,17,16,9,1,0,1,2
1,0.6,0,0,0,26,2,0,336,13,11,4,1,0,1,0
1,1.3,1,1,1,14,6,10,2457,11,7,17,1,1,0,1
0,1.5,0,2,0,19,4,14,418,9,7,16,0,0,1,0
1,2.2,0,0,1,46,2,9,3917,13,11,8,1,0,1,3
1,2.7,1,10,0,8,7,13,1246,8,1,2,0,0,1,1
0,0.5,0,2,0,48,7,10,2971,12,8,12,1,1,1,2
1,1.7,0,3,1,59,3,4,2324,10,6,16,1,0,1,2
1,3.0,1,0,1,54,2,1,3121,18,2,16,1,1,1,2
1,1.9,0,12,1,33,1,20,3801,10,6,2,1,0,0,2
1,1.8,0,4,1,18,3,5,3333,17,15,7,1,0,0,3
0,1.4,0,12,1,44,8,17,3475,19,3,3,1,0,0,3
0,0.5,0,14,0,23,8,15,2360,17,16,18,0,1,1,1
0,0.5,0,1,0,12,7,8,2895,7,6,16,1,1,0,2
0,1.4,0,1,0,63,7,12,3652,16,1,19,1,0,0,3
1,1.7,1,3,0,26,6,16,3097,5,0,18,0,1,0,3
1,2.4,0,0,0,39,7,3,2101,10,7,2,0,1,0,1
1,2.3,0,15,0,23,4,16,3918,9,2,8,0,1,0,3
1,1.1,0,3,1,9,7,19,3869,19,18,10,1,1,1,3
0,1.6,1,0,1,57,4,1,732,14,1,14,1,1,0,1
0,0.5,1,8,1,7,2,13,3684,9,7,18,1,0,0,3
0,2.5,1,4,1,57,8,12,3969,12,8,6,1,1,1,3
1,1.7,1,0,0,33,2,2,1414,12,1,7,1,1,0,0
1,2.5,1,10,1,28,4,12,1892,10,0,15,1,1,1,1
0,2.0,1,0,1,42,1,4,3131,8,3,7,1,1,1,3
0,1.9,1,0,1,7,3,12,2532,10,5,4,1,1,1,2
0,2.7,1,16,1,50,7,18,3215,18,0,20,1,1,1,3
0,0.5,0,8,0,19,3,10,3323,13,12,6,1,0,1,3
1,1.2,1,0,1,55,4,5,1529,13,8,3,1,0,1,2
1,2.2,0,6,1,13,6,9,2403,9,2,9,1,1,1,2
1,0.5,1,1,0,34,4,3,3419,7,5,5,1,1,0,3
0,2.0,0,0,0,45,5,2,3648,9,0,16,0,0,0,3
1,2.4,1,9,1,17,5,11,1974,12,10,12,1,0,0,0
0,1.5,0,12,1,34,8,15,2806,7,2,7,1,0,1,2
1,0.9,1,2,0,51,4,3,2239,13,9,13,1,0,1,2
1,1.9,1,5,1,5,5,8,582,15,7,4,1,1,1,0
0,2.8,0,2,1,44,6,13,3890,17,10,10,1,1,1,3
1,0.8,1,12,0,48,5,17,1141,5,2,6,0,0,1,1
1,1.3,0,0,0,49,5,0,2511,6,3,17,0,0,0,2
0,2.1,1,2,0,25,3,17,3838,9,2,7,1,0,1,3
1,2.8,0,5,1,51,4,12,2734,10,1,16,1,0,1,2
1,2.0,0,1,0,54,8,5,2330,19,5,20,0,1,0,1
1,0.8,1,2,1,63,5,4,2244,14,9,19,1,1,0,1
0,2.1,0,1,1,54,7,2,1851,15,13,2,1,1,0,1
1,0.9,0,2,0,4,2,12,808,11,7,5,1,1,0,0
1,0.5,1,7,0,7,5,12,1587,6,5,20,1,0,1,1
0,2.2,1,6,0,57,3,17,2492,16,14,10,1,1,0,2
1,0.7,0,10,1,43,4,14,2122,15,1,2,1,0,0,2
1,2.5,0,2,0,11,2,13,1122,12,6,16,0,1,1,0
0,2.3,1,4,0,48,4,6,3709,14,2,10,0,0,0,2
0,2.8,1,3,1,56,3,4,3021,12,2,18,1,0,0,2
1,2.2,1,9,0,47,6,10,624,9,3,19,1,1,1,0
1,1.3,0,0,1,24,7,2,3937,8,1,7,1,0,1,3
0,1.3,0,3,1,20,6,7,1797,19,5,4,1,1,1,1
1,0.9,0,10,1,28,2,19,1458,5,1,15,1,0,1,1
1,3.0,1,6,1,17,8,7,3348,18,16,16,1,1,0,3
1,0.5,1,3,0,64,8,15,1834,5,2,20,0,1,1,1
0,2.8,0,0,1,57,1,2,2775,13,8,14,1,0,1,3
0,0.5,1,0,1,17,6,8,1277,13,6,19,1,0,0,1
0,2.3,1,4,0,23,4,5,457,17,10,16,1,1,1,0
1,0.5,0,0,0,50,2,11,438,17,0,2,1,0,0,0
0,0.5,1,8,1,13,7,15,3210,15,7,2,1,1,1,3
0,2.8,1,1,0,36,6,10,985,12,11,7,1,1,0,1
1,2.0,0,10,1,3,2,16,3701,15,8,8,1,1,0,3
0,2.1,0,0,0,8,7,0,1052,8,1,3,0,1,0,0
1,2.3,1,6,0,57,8,9,1175,16,0,8,0,0,0,0
0,1.8,0,1,0,11,7,2,1070,8,1,14,1,1,1,1
1,0.7,0,3,0,3,7,9,3411,12,11,15,0,0,1,3
0,1.4,1,13,0,26,3,16,1175,12,9,6,0,1,0,1
0,0.9,1,2,1,3,7,12,301,13,5,13,1,0,0,0
0,1.8,1,7,0,28,2,13,489,15,11,8,0,0,1,0
1,2.7,0,5,1,64,2,13,1733,5,3,8,1,1,0,2
0,2.0,1,15,0,62,5,16,2756,11,3,4,1,0,0,2
0,2.5,0,5,1,51,1,18,2612,8,2,16,1,0,0,2
1,2.3,1,1,0,51,8,3,1724,5,1,14,0,1,1,1
1,0.5,1,3,1,35,2,10,2190,16,12,4,1,1,1,1
1,1.7,0,0,1,54,3,4,1900,16,8,19,1,0,1,1
0,0.5,1,2,1,34,3,5,3915,9,8,2,1,0,1,3
0,0.9,0,10,1,25,6,12,1043,6,2,11,1,1,0,0
0,1.3,0,1,0,64,7,2,3817,8,7,9,1,1,1,3
1,0.9,0,6,1,48,3,19,2362,17,2,19,1,1,0,2
1,2.1,1,4,0,41,3,7,1107,7,3,5,0,0,0,1
1,1.4,0,12,0,53,5,14,2982,14,9,12,1,1,0,3
0,1.2,1,0,0,28,5,5,2042,17,15,19,1,1,0,1
1,0.5,0,6,1,44,4,12,1343,5,1,9,1,1,0,0
0,2.3,1,9,1,43,7,12,2610,12,3,10,1,0,1,2
1,1.7,0,12,0,6,7,17,2335,15,7,7,1,1,1,2
0,0.5,1,3,1,51,8,20,1614,17,12,3,1,1,1,1
1,1.5,1,5,0,13,2,14,1138,9,8,10,0,1,0,0
1,2.4,1,3,1,40,8,15,604,16,14,11,1,0,0,0
1,1.6,0,5,1,42,3,10,3652,14,10,9,1,0,0,3
0,0.5,1,2,1,37,4,6,3955,19,4,18,1,1,1,3
0,1.6,0,7,0,4,8,11,258,11,9,4,1,1,1,0
0,2.9,0,0,1,18,7,0,1066,11,1,16,1,1,0,0
1,0.5,1,10,0,61,1,12,1731,9,5,6,0,0,0,1
0,0.5,1,1,0,48,7,13,3860,7,5,16,0,0,0,3
0,2.8,1,8,0,16,5,10,3630,9,7,17,0,1,0,3
0,2.5,1,0,1,45,3,4,1965,6,2,6,1,1,0,1
1,0.5,0,1,1,60,4,2,1459,6,1,19,1,1,0,0
0,0.9,0,0,0,22,3,7,2323,9,8,7,0,0,1,2
0,1.2,0,9,0,2,4,14,3291,11,2,13,1,1,1,2
0,0.5,0,0,1,61,1,13,3272,18,0,17,1,1,0,3
0,2.1,0,4,0,26,4,18,918,9,1,12,0,0,0,0
0,0.5,0,14,0,15,4,16,3488,16,2,3,0,0,1,3
1,2.2,1,2,0,58,4,4,3961,16,14,14,1,0,1,3
1,2.7,0,2,1,56,6,4,590,11,3,6,1,0,1,0
1,0.7,0,1,1,34,1,3,3701,15,9,8,1,1,0,3
1,1.3,1,14,0,3,5,17,463,14,6,11,0,0,1,0
0,0.5,0,0,1,43,2,2,3644,15,10,6,1,0,1,3
1,1.5,0,0,0,27,6,18,1713,16,4,10,1,1,1,1
0,3.0,0,0,1,41,4,3,429,9,4,14,1,1,1,0
1,0.9,1,12,1,2,5,15,2765,13,12,10,1,0,1,2
1,2.5,1,13,1,27,4,14,2084,7,1,18,1,0,0,2
0,1.8,0,0,0,20,5,4,1125,17,10,9,0,0,0,1
0,1.1,0,5,1,48,3,14,2048,6,0,18,1,1,1,2
0,2.7,0,7,0,17,6,20,1223,8,0,18,1,0,1,0
0,2.8,0,5,1,31,1,10,3672,5,1,3,1,1,1,3
1,2.0,1,3,0,17,7,9,3100,17,5,13,1,1,0,2
0,2.8,1,6,0,50,8,9,343,11,8,18,0,1,0,0
1,2.4,0,0,0,15,5,0,1970,16,8,15,1,1,0,1
0,1.6,0,5,0,39,5,17,2728,6,0,17,1,1,1,2
1,0.5,1,11,0,5,3,12,3635,7,4,18,0,0,0,3
0,0.5,0,13,0,31,2,20,2180,7,4,16,1,0,1,1
1,1.7,1,1,1,33,3,2,2488,6,1,14,1,0,0,2
0,1.3,1,3,0,34,2,4,3864,13,3,11,1,0,0,3
1,0.5,1,1,0,54,8,16,1155,7,1,20,0,0,1,0
1,2.5,0,16,1,32,6,18,3566,17,6,13,1,0,1,3
1,0.8,1,1,1,6,7,2,864,9,8,2,1,0,1,1
0,2.2,0,0,1,32,7,6,869,19,13,9,1,1,1,0
1,1.4,0,0,0,29,2,0,591,9,2,9,1,1,1,0
1,0.6,0,1,0,19,1,2,1333,15,6,11,0,1,1,1
1,2.0,1,2,1,23,7,10,2208,12,11,10,1,0,1,2
1,0.5,1,7,0,15,3,15,2610,18,14,15,0,1,1,2
0,2.2,0,0,0,59,5,6,2819,19,17,9,0,0,1,2
1,2.3,0,6,0,44,3,15,1955,9,4,15,1,0,1,2
1,1.3,0,9,1,50,4,20,3416,14,6,8,1,1,0,3
1,2.5,1,6,0,10,1,13,3803,7,3,16,0,0,1,3
1,2.3,1,11,0,7,1,14,574,5,3,19,1,0,0,0
1,0.5,0,10,1,45,4,19,2129,13,9,12,1,0,1,1
0,2.4,1,2,1,9,6,14,1948,13,1,18,1,1,1,1
0,0.7,0,2,0,2,7,6,2978,18,7,18,0,0,0,2
0,1.3,0,0,1,12,8,0,1619,7,1,10,1,1,1,1
0,2.4,0,8,0,61,3,18,3716,15,13,11,1,1,0,3
0,1.4,0,3,0,57,4,4,3454,13,8,20,0,0,1,3
1,1.8,0,9,1,19,3,20,3777,7,2,13,1,1,1,3
1,0.5,1,11,1,55,1,17,2712,7,2,6,1,0,1,3
1,1.1,0,9,1,46,8,10,1434,5,0,11,1,0,0,1
0,1.7,1,6,1,14,3,7,3968,16,12,3,1,0,1,3
0,0.5,1,5,0,51,5,11,3383,16,5,2,0,0,0,3
0,0.5,1,0,1,23,2,0,3278,8,6,2,1,0,1,3
1,1.4,0,3,1,26,8,16,3970,16,8,18,1,0,1,3
1,0.5,1,8,1,54,8,15,2674,14,8,10,1,0,0,2
1,0.5,0,6,0,27,4,11,2776,19,17,14,1,1,1,3
0,0.6,1,7,1,61,2,11,2336,10,4,7,1,0,0,2
0,0.9,0,9,1,12,1,18,2430,7,4,6,1,1,1,2
1,2.6,0,3,1,38,6,8,891,18,3,9,1,1,0,0
1,0.8,1,3,0,8,5,10,728,13,5,8,1,1,0,0
1,2.6,0,3,0,30,5,17,3886,14,10,7,1,0,0,3
1,0.5,0,3,0,17,4,13,1711,7,3,9,1,0,1,1
1,1.6,1,0,0,16,7,2,2856,14,3,20,1,1,1,2
0,1.9,0,0,0,31,8,7,2447,16,2,3,1,1,1,2
0,2.4,0,8,1,37,6,20,814,11,7,19,1,1,1,0
1,2.4,1,7,0,49,4,16,2951,7,0,10,0,1,0,2
0,2.2,1,4,0,53,6,6,3653,7,1,15,1,1,1,2
1,0.5,1,5,0,51,8,11,1891,18,3,12,0,1,0,1
1,0.5,1,5,0,16,1,9,701,17,15,15,1,0,1,0
0,1.2,1,1,1,38,4,7,3139,6,1,12,1,1,1,3
0,0.6,1,2,0,39,8,9,2811,7,6,7,1,0,1,1
0,1.9,1,3,1,21,5,18,1701,11,4,4,1,0,1,1
0,0.5,0,0,1,16,2,0,1853,17,14,12,1,1,1,1
0,1.9,0,16,1,19,6,17,2445,6,1,6,1,1,1,1
1,0.5,1,0,1,50,8,4,2287,15,1,8,1,1,0,1
1,0.6,1,0,0,31,2,7,2003,8,7,14,0,1,1,2
1,1.1,0,0,1,7,1,3,3595,7,5,19,1,1,1,2
0,0.8,1,0,1,35,2,4,1726,16,5,19,1,0,1,1
1,2.1,1,10,0,45,5,14,3952,8,6,3,0,0,1,3
1,2.0,1,1,0,41,8,6,850,5,1,4,1,1,1,1
0,2.9,0,0,0,43,8,0,1446,17,2,8,1,1,0,0
0,2.3,0,12,1,45,8,20,1300,8,7,18,1,1,0,1
1,1.6,0,6,1,21,4,10,719,14,10,10,1,1,1,0
1,2.2,1,6,0,26,5,7,988,11,5,9,0,1,1,0
0,1.2,0,10,1,53,8,18,2606,13,6,12,1,0,0,2
0,2.1,0,0,0,32,1,10,2912,11,10,15,1,1,0,2
1,1.9,0,4,0,30,1,7,2339,19,9,17,0,1,1,2
0,2.4,1,2,0,13,1,7,1028,14,6,8,1,1,1,0
0,1.3,0,9,0,61,8,10,3173,9,4,17,0,0,1,3
0,0.5,1,15,0,14,2,16,1667,17,6,17,0,0,1,1
1,0.5,0,11,1,13,8,14,1897,6,2,15,1,0,0,2
0,0.5,0,0,0,3,6,4,1214,9,8,15,0,1,1,1
0,2.8,1,16,0,38,6,17,3269,8,7,10,0,1,0,2
1,0.5,0,12,0,32,7,15,445,15,14,14,0,0,1,0
1,1.2,0,4,0,30,8,15,1073,6,4,8,1,1,0,0
1,1.3,0,14,0,52,2,15,665,18,5,5,0,0,0,1
0,2.8,1,15,0,50,2,20,3129,17,6,2,0,0,0,3
1,0.7,1,0,1,34,2,9,3501,13,11,3,1,0,0,3
1,0.8,1,7,1,8,5,8,3461,6,3,10,1,1,1,3
0,0.9,1,9,1,32,6,16,3206,12,6,16,1,1,0,3
1,0.5,0,13,1,46,2,15,3717,11,0,10,1,1,0,3
1,0.5,1,0,1,55,1,1,3917,15,5,18,1,0,1,3
0,1.0,0,4,0,24,7,13,861,7,4,6,1,0,1,0
1,0.5,1,9,0,20,5,10,2885,19,7,14,1,1,1,2
1,2.3,1,4,0,6,1,16,2777,9,2,14,1,1,0,2
0,1.1,0,7,0,24,5,12,1017,12,7,9,0,0,1,0
0,2.0,1,1,1,23,4,9,980,13,9,17,1,0,0,0
1,1.0,0,2,0,23,1,15,2775,14,4,17,1,0,0,3
0,1.0,0,4,1,19,8,18,3309,15,3,3,1,0,1,3
1,0.5,0,8,1,18,3,17,3607,12,10,6,1,1,1,3
0,2.9,1,1,1,24,5,17,1257,16,10,16,1,0,0,0
1,0.6,1,0,1,5,3,8,759,9,3,14,1,1,0,0
1,2.6,1,17,0,5,3,20,3720,15,7,4,0,1,0,3
1,2.3,1,2,1,58,3,4,475,7,6,6,1,0,1,0
1,2.7,0,8,1,29,1,10,1122,9,3,10,1,1,1,0
1,0.5,0,0,0,40,4,15,1336,8,5,15,1,0,0,1
1,1.4,1,2,0,40,8,18,1185,11,2,20,0,1,0,2
0,1.0,1,0,0,17,5,4,705,11,3,6,0,1,1,0
1,0.7,0,6,0,35,5,12,3169,14,9,6,0,0,0,2
1,1.4,0,0,1,39,1,5,3483,10,1,15,1,0,1,3
0,0.5,0,12,0,64,5,18,1183,14,3,17,0,0,1,1
1,2.8,0,0,1,55,3,1,3373,11,2,16,1,1,0,3
1,2.7,1,0,0,54,4,20,2801,6,1,5,1,1,1,2
0,0.5,1,1,0,58,3,2,565,18,12,9,0,0,1,0
0,0.6,0,10,0,25,2,12,3153,9,4,12,1,0,0,2
1,1.0,0,0,0,11,8,10,3421,16,2,5,1,1,1,2
0,2.2,0,6,1,3,5,7,316,15,14,17,1,0,0,0
1,2.3,0,4,1,11,7,13,448,18,17,14,1,0,0,0
0,2.9,1,2,0,40,6,5,2366,16,8,2,1,1,1,1
1,0.8,1,0,1,44,4,20,3881,14,10,9,1,0,1,3
1,2.0,0,0,0,12,8,7,462,6,3,5,0,0,0,0
0,2.3,1,0,0,7,7,6,1480,6,1,17,1,0,0,1
0,0.5,1,0,1,28,2,0,1087,17,16,14,1,0,0,1
0,1.5,1,5,1,56,5,13,2711,8,2,3,1,1,1,2
1,2.0,0,7,1,20,7,14,2144,13,12,12,1,1,1,2
0,1.5,1,1,1,35,7,15,1165,19,6,4,1,1,1,0
1,1.5,0,6,1,16,8,11,2998,5,4,13,1,1,0,2
0,2.6,0,1,1,46,4,8,2249,14,3,4,1,1,1,2
1,0.9,0,3,0,56,3,5,752,17,8,17,0,0,1,0
1,1.9,1,0,0,4,2,3,1409,16,5,3,0,0,0,1
1,2.1,1,0,1,30,7,15,3072,7,3,5,1,1,0,3
1,1.6,0,0,0,24,3,0,1305,12,8,3,1,0,1,0
1,0.6,1,9,0,21,7,14,3597,14,5,9,0,0,0,2
0,0.5,1,1,0,44,8,15,3132,8,7,6,0,1,1,2
1,1.8,1,6,0,34,1,7,3856,18,4,18,0,1,1,3
1,2.7,1,1,0,39,1,9,1524,15,10,7,1,1,1,1
0,1.8,1,0,0,16,5,6,3673,12,1,20,1,0,1,3
0,2.3,1,7,0,21,2,10,3293,8,4,7,1,0,1,2
1,2.7,1,1,0,5,4,2,3035,12,7,19,1,0,1,2
1,0.5,0,5,1,36,6,18,584,17,14,13,1,1,0,1
0,0.7,1,0,1,2,7,1,2675,12,11,15,1,1,0,2
1,1.3,1,7,1,30,1,16,2382,9,0,19,1,0,1,2
0,1.5,0,5,1,48,4,6,1391,19,13,12,1,0,1,1
0,2.3,0,12,1,54,4,19,2346,13,12,2,1,0,1,1
1,2.2,1,0,1,30,3,3,606,6,0,18,1,0,0,0
1,1.1,1,0,0,34,3,3,1324,7,3,12,0,1,1,1
1,0.5,1,1,1,58,6,3,1076,16,8,4,1,1,1,0
0,0.7,0,1,0,35,8,2,643,17,1,8,1,0,1,1
1,1.8,0,1,0,21,7,2,783,10,8,20,1,0,0,0
1,1.1,0,0,1,26,5,2,3809,17,16,5,1,0,1,3
0,2.1,0,0,1,19,8,0,2104,7,4,16,1,1,0,1
0,1.2,1,5,0,54,3,10,1762,5,3,6,1,1,0,1
0,2.9,1,13,0,9,6,18,3137,12,1,11,1,1,1,3
1,0.7,0,7,0,15,3,11,1756,6,3,17,1,1,1,1
1,0.5,1,2,0,9,7,5,3663,14,10,14,0,0,0,3
1,0.5,0,10,1,27,8,11,2437,14,0,9,1,0,0,2
0,0.5,1,4,0,43,5,8,1432,12,9,9,1,1,1,1
0,0.5,1,0,1,47,8,6,1620,17,15,12,1,0,0,1
0,0.5,0,0,0,14,5,2,1655,18,0,9,0,0,0,0
0,0.8,1,0,0,3,7,1,2832,5,0,8,1,0,1,2
1,2.5,0,0,1,31,6,10,961,16,6,5,1,1,0,0
1,0.5,0,2,0,46,3,3,2608,6,0,2,0,0,1,2
0,1.9,0,4,1,3,5,6,514,7,4,13,1,0,0,0
1,1.3,1,6,0,14,8,8,2304,7,1,18,0,0,1,2
1,0.5,1,4,1,60,5,7,933,14,0,5,1,1,0,0
1,2.7,1,13,1,25,1,14,1896,14,10,20,1,1,1,1
1,0.5,1,1,0,53,4,16,3655,7,3,20,1,1,0,3
1,2.0,1,0,0,35,1,0,1973,12,9,16,0,1,1,1
1,2.6,0,7,0,64,7,16,3278,6,3,13,0,0,0,2
1,2.5,0,10,1,15,8,11,2183,8,3,11,1,1,0,2
1,1.7,1,1,0,25,7,18,824,15,5,13,1,0,1,0
0,1.6,1,8,0,35,7,20,2598,13,5,8,1,1,0,1
1,0.5,1,7,1,54,3,13,1254,15,9,9,1,1,1,0
0,1.5,1,2,1,7,8,7,3622,7,0,20,1,0,1,3
1,2.1,1,11,0,14,7,16,1704,17,13,2,1,0,1,2
0,1.4,1,3,1,45,4,17,1624,15,13,9,1,1,0,1
1,1.1,0,13,1,50,6,17,3809,17,12,17,1,1,0,3
1,0.6,0,9,1,50,4,10,2574,10,1,5,1,0,1,2
0,2.0,0,1,0,36,3,4,950,17,9,9,1,0,0,0
0,3.0,0,1,1,21,8,2,273,17,6,3,1,1,1,0
0,0.5,1,6,1,46,3,9,446,16,13,15,1,1,1,1
1,1.2,0,6,1,61,7,12,1510,12,10,17,1,1,0,2
1,0.5,0,0,1,26,4,0,1122,12,9,2,1,1,1,0
1,0.5,1,4,1,33,4,5,707,19,2,5,1,1,1,0
1,2.2,1,4,0,44,8,13,751,7,3,3,0,0,0,0
0,0.5,0,1,0,48,3,7,3393,12,7,8,1,0,0,2
0,1.8,1,4,0,11,6,8,3771,15,6,12,1,0,0,3
0,0.5,0,0,1,3,4,3,1851,15,3,16,1,0,0,1
0,1.7,1,11,0,27,4,17,2735,7,2,9,1,1,0,2
0,1.0,1,4,1,62,7,13,2253,17,4,7,1,1,0,1
1,1.6,1,0,0,32,7,1,452,13,6,14,0,1,0,0
1,0.5,0,6,0,32,5,9,1419,12,11,18,0,1,0,0
0,2.6,1,2,1,45,3,4,969,15,1,7,1,0,0,0
0,2.5,1,8,1,22,1,11,3441,19,1,5,1,0,0,2
0,0.5,0,2,1,64,2,7,3786,17,12,12,1,0,0,3
0,0.6,0,5,1,13,6,6,2710,13,1,8,1,1,0,2
0,1.8,1,10,0,12,6,17,3533,16,14,15,1,1,1,3
0,2.3,0,10,0,60,5,15,1735,7,0,13,1,0,1,0
1,2.7,0,0,1,12,7,3,3587,14,11,20,1,0,0,3
1,0.6,0,0,1,34,7,7,2298,17,5,2,1,1,0,2
1,0.8,1,12,1,41,1,13,2027,11,5,11,1,0,0,1
0,2.5,1,1,0,27,7,3,2406,13,10,20,1,0,1,2
0,0.5,0,13,1,31,3,19,2419,8,7,4,1,0,1,1
0,0.5,0,3,0,25,7,9,995,7,6,18,0,1,1,0
0,2.7,0,10,1,60,5,14,2078,5,3,11,1,1,1,2
0,0.5,1,0,0,19,2,1,1145,19,1,7,0,0,1,0
0,2.9,1,8,1,41,4,12,626,10,4,4,1,1,1,0
1,0.5,0,5,1,57,6,9,1509,15,11,18,1,1,1,1
0,2.7,0,2,1,26,5,3,3371,13,9,9,1,0,1,3
0,2.6,0,7,0,52,4,15,297,13,1,15,0,1,0,0
0,1.1,0,2,0,38,5,7,3508,13,8,5,0,0,1,3
1,1.5,0,1,1,23,8,3,2385,16,9,19,1,0,0,1
0,1.4,0,0,0,33,1,14,1301,13,12,19,0,0,1,1
1,2.0,1,6,1,57,3,12,2167,11,10,7,1,0,1,1
0,1.3,0,0,0,43,5,6,3914,10,3,8,1,0,1,3
0,0.5,1,3,0,22,6,6,2312,9,1,18,1,0,0,2
1,0.9,1,4,0,17,5,7,2297,14,6,8,0,1,0,2
1,2.9,1,0,1,19,3,9,411,8,2,2,1,1,1,0
1,2.1,1,7,1,2,3,13,665,10,0,4,1,1,0,0
1,1.3,0,1,0,62,1,3,3226,6,4,5,0,1,0,3
0,1.5,0,1,1,48,1,4,740,11,10,18,1,1,0,0
0,0.5,1,4,1,39,5,12,3878,19,16,4,1,0,0,3
0,2.5,1,0,0,20,7,0,3406,5,1,11,0,0,1,3
0,2.9,0,2,0,30,7,8,2440,9,5,10,1,1,1,2
0,1.2,1,2,0,50,5,6,3959,10,4,17,1,1,0,3
1,2.2,0,3,1,49,6,7,3703,17,6,20,1,1,0,3
1,2.8,1,2,0,35,2,15,3714,19,3,10,0,1,1,3
1,0.7,0,10,1,21,7,14,337,16,3,5,1,1,0,0
0,0.8,1,0,0,25,2,1,3176,6,2,2,1,0,1,2
1,1.0,0,1,1,20,8,3,1205,18,7,14,1,0,0,1
0,1.6,1,8,0,28,2,10,2473,16,11,2,1,0,0,2
1,1.3,1,14,1,2,7,20,1229,5,3,4,1,1,0,0
1,1.4,1,0,1,9,2,0,2896,12,11,16,1,0,1,3
0,1.3,0,0,0,11,3,11,2039,11,6,19,0,1,0,1
0,1.6,1,5,1,6,4,13,520,10,2,18,1,0,1,0
0,2.4,1,5,1,3,3,15,1378,18,15,4,1,1,1,1
0,1.0,0,3,0,49,5,12,3254,12,0,16,1,0,0,3
0,2.0,1,1,1,37,7,13,1803,5,4,7,1,0,0,1
1,2.3,0,12,1,52,2,15,2501,16,12,4,1,0,0,3
0,0.5,1,0,0,8,4,1,3762,15,9,12,1,0,1,3
0,0.5,0,6,0,61,7,9,1796,16,6,13,0,1,1,1
0,0.5,1,2,0,54,8,3,990,14,11,6,0,1,1,0
0,0.5,0,6,0,51,3,8,2630,18,8,9,0,0,1,1
1,1.9,1,13,0,45,6,18,1380,10,1,13,0,1,0,1
0,1.7,1,0,1,58,7,2,3487,15,6,11,1,1,1,2
0,0.6,1,0,0,7,3,17,1201,12,3,18,1,1,1,1
0,1.6,0,4,0,21,3,10,3015,6,1,15,0,0,0,3
1,2.8,1,9,0,43,1,11,3204,18,13,6,1,0,0,3
0,0.6,1,8,1,2,6,10,433,10,7,6,1,0,0,0
1,2.1,0,2,0,49,1,10,1906,17,13,13,0,1,1,2
1,0.5,0,13,1,42,7,17,898,16,8,13,1,1,0,0
1,1.4,1,0,1,61,7,8,2799,5,3,15,1,0,1,3
0,0.8,0,12,0,13,7,20,2020,6,0,16,1,1,0,2
1,0.5,0,3,0,25,4,6,770,12,1,20,0,1,0,0
0,2.5,0,3,0,57,6,11,305,11,8,16,0,0,1,0
0,2.4,0,1,0,42,7,2,2953,9,5,13,1,1,0,2
1,1.9,1,13,1,34,7,14,1671,6,1,9,1,0,1,1
0,1.0,1,0,1,15,3,10,2574,12,4,14,1,1,1,2
1,2.9,1,0,0,35,6,9,3772,17,8,18,0,1,1,3
0,1.2,1,0,0,37,2,1,2870,16,0,17,0,0,0,3
0,1.2,0,0,0,8,6,0,2577,9,5,8,1,1,0,2
1,2.8,0,5,1,18,1,7,2246,8,1,3,1,1,0,1
1,2.8,1,6,1,58,1,13,2405,15,0,16,1,0,1,2
0,2.1,1,16,0,16,8,20,3377,5,1,6,1,1,1,2
0,2.1,1,7,1,43,1,18,3619,14,8,7,1,1,1,3
1,0.5,0,1,1,17,2,3,1184,6,2,2,1,0,1,1
0,2.4,0,5,0,4,3,9,2965,15,7,14,1,1,0,2
1,2.4,1,1,0,45,3,9,3713,8,3,8,0,0,0,3
1,2.9,1,2,0,53,2,3,3798,19,10,8,1,1,1,3
1,1.6,0,0,0,16,2,7,1026,13,5,20,1,0,1,1
0,2.6,1,6,0,5,6,18,1086,18,14,13,1,0,0,1
0,2.5,0,5,1,51,4,9,2236,8,7,12,1,0,1,2
0,2.7,1,8,0,45,1,10,1303,12,3,20,0,1,1,1
1,0.7,1,7,0,63,5,18,3048,10,3,2,0,0,1,2
0,0.5,0,0,1,11,3,1,616,15,6,19,1,1,1,0
1,1.3,0,0,0,12,6,10,3764,10,7,4,0,1,1,2
0,2.9,1,2,1,34,3,3,419,7,4,3,1,1,1,0
0,1.6,1,3,1,58,6,20,2858,6,2,18,1,1,1,3
1,1.7,1,6,1,39,4,18,504,14,4,10,1,1,0,0
1,2.8,0,1,1,49,5,4,392,10,5,8,1,1,1,0
0,0.5,0,0,0,56,7,1,820,12,6,11,1,0,1,0
1,1.8,0,0,0,14,8,0,3387,11,3,3,1,0,0,3
1,2.3,0,7,1,15,5,19,3447,14,11,19,1,0,1,3
0,2.1,0,5,1,7,7,10,1403,15,8,2,1,1,0,0
1,0.9,1,0,0,16,2,2,2295,15,11,16,0,0,1,2
0,0.5,1,1,0,27,6,13,1973,10,2,8,1,0,1,2
1,2.2,0,4,0,30,6,5,3755,17,14,8,1,0,0,3
0,0.5,1,9,1,25,2,19,2073,7,1,10,1,0,1,1
1,2.0,0,7,1,64,8,8,3872,9,8,11,1,1,0,3
1,0.5,0,16,1,23,2,17,302,18,5,8,1,0,0,0
0,0.8,0,0,1,27,2,4,1519,18,6,8,1,0,1,1
0,1.9,0,1,1,50,1,2,2549,10,8,4,1,1,0,2
0,2.4,0,0,0,45,7,0,404,18,5,19,1,0,1,0
0,1.1,0,1,1,63,3,2,595,18,4,15,1,0,1,0
0,1.1,1,2,1,18,2,16,1663,14,0,17,1,1,1,0
0,0.5,0,9,1,58,7,10,2764,9,3,7,1,1,1,3
1,0.6,1,2,1,8,1,4,2614,7,0,14,1,1,1,2
1,2.5,1,0,1,11,8,1,1094,10,5,15,1,0,0,0
0,2.2,0,15,1,11,5,16,2826,18,0,2,1,0,0,2
0,3.0,1,10,0,50,7,18,2496,13,6,5,0,1,1,2
0,2.1,0,6,1,50,2,17,2103,19,8,7,1,0,0,1
0,1.8,1,11,0,14,1,15,966,5,0,13,0,0,1,0
1,0.7,0,5,0,47,4,10,2172,17,14,3,1,1,1,2
0,1.1,0,6,0,56,8,17,905,19,10,12,0,1,0,0
1,2.8,0,7,1,55,3,18,3916,8,1,12,1,1,0,3
1,1.4,1,2,1,42,2,10,3902,11,9,3,1,0,1,3
0,1.1,0,12,1,2,1,15,2487,13,12,16,1,1,1,2
0,1.9,0,8,1,55,3,17,3914,17,13,13,1,0,0,3
1,2.9,0,0,0,46,5,1,363,9,5,17,0,1,0,0
0,0.5,0,1,1,24,5,8,3233,13,3,4,1,0,1,3
0,1.4,1,3,1,38,6,15,2532,16,14,15,1,0,1,2
0,0.9,1,8,1,53,6,15,3836,15,3,14,1,0,1,3
1,1.6,0,4,0,25,8,9,3076,7,4,18,0,1,1,2
0,2.2,0,0,1,56,5,3,1513,11,8,7,1,1,0,2
1,2.6,0,0,0,10,7,3,1724,11,2,19,1,0,0,1
0,2.1,1,0,1,41,7,2,542,11,1,14,1,1,0,0
1,0.7,0,2,1,8,7,6,3481,10,8,8,1,0,1,3
0,2.1,1,3,0,22,3,19,3991,15,2,10,1,0,0,3
0,0.9,0,12,1,20,1,17,1790,19,12,15,1,0,1,1
0,1.0,0,15,0,3,1,17,509,19,1,3,1,1,1,0
1,2.2,1,4,1,52,3,16,282,10,9,14,1,1,1,0
0,1.7,0,2,0,6,4,19,3006,6,4,3,1,0,0,2
1,0.5,1,0,1,19,6,2,1913,12,7,6,1,1,0,1
1,1.6,1,0,0,5,5,2,1333,18,0,2,0,0,1,2
0,2.5,1,3,0,21,3,18,3746,10,0,5,1,0,0,3
0,1.3,0,5,1,10,2,9,3941,6,2,13,1,1,1,3
0,1.4,0,4,1,10,1,18,3970,13,1,11,1,0,1,3
1,1.3,0,8,0,44,7,10,3925,7,6,7,0,1,0,3
1,2.7,1,4,1,33,4,8,424,5,3,15,1,1,1,0
0,0.5,0,9,0,8,5,20,1284,17,13,2,0,1,1,0
0,0.6,1,0,0,25,1,10,277,11,2,12,1,0,1,0
1,1.3,1,10,0,16,1,18,1713,10,3,4,0,1,1,1
1,1.5,1,0,0,54,6,2,485,12,7,7,0,1,0,0
1,0.5,0,1,0,52,1,14,3002,6,5,7,0,0,1,2
1,0.7,0,0,0,64,4,14,418,11,6,17,0,1,1,0
0,0.9,1,1,0,8,7,5,1652,17,4,14,1,1,0,1
0,0.5,1,7,0,48,5,16,2893,8,5,9,0,0,1,2
0,0.9,1,2,1,57,1,14,1406,14,12,20,1,0,1,0
0,0.5,0,0,1,61,3,0,629,5,3,11,1,1,0,0
1,2.7,1,6,1,30,2,10,3724,16,15,20,1,1,1,3
0,2.0,1,0,0,14,7,3,3835,15,8,11,1,0,0,3
1,1.0,0,0,1,52,8,0,1354,15,13,13,1,1,1,1
1,1.0,0,7,0,25,6,19,2376,5,1,19,0,0,1,3
0,0.6,1,8,0,7,3,9,3438,17,12,13,1,0,0,3
1,0.5,1,15,1,2,6,20,2655,12,2,4,1,0,1,2
0,0.5,0,5,1,33,6,8,3361,16,10,13,1,0,0,3
0,0.5,0,6,1,4,7,9,3535,17,0,16,1,1,1,3
1,2.2,0,4,0,27,1,6,2150,9,5,7,0,1,1,1
0,0.6,0,1,1,43,3,8,2587,7,5,18,1,0,0,1
1,0.5,1,1,0,31,2,16,2736,9,1,8,0,0,1,3
0,0.5,1,2,1,55,6,3,676,15,0,4,1,0,1,0
1,1.6,1,4,0,9,7,7,2941,13,12,17,0,1,0,3
0,1.3,1,0,1,21,8,12,3336,6,4,14,1,0,1,3
1,1.6,0,9,0,33,1,18,3796,10,5,13,1,1,0,3
1,0.6,1,0,0,63,5,14,3654,18,8,15,0,1,1,3
1,0.5,0,15,0,11,1,16,2934,8,6,14,1,0,1,2
0,0.5,0,2,0,30,8,5,2889,5,2,11,0,0,1,2
0,1.5,1,1,1,48,1,6,3315,17,7,14,1,1,1,3
0,1.6,1,5,1,39,4,6,1993,9,0,5,1,0,0,2
0,1.7,1,3,0,35,3,6,2509,17,2,11,0,1,1,1
0,2.0,0,8,1,34,2,10,3534,18,17,11,1,1,1,3
1,1.8,0,3,0,16,8,7,2246,14,11,15,0,0,0,2
0,0.5,0,7,0,51,3,9,3165,5,0,13,1,0,0,3
0,2.0,0,13,0,55,7,15,286,14,4,17,1,0,1,0
0,2.4,1,8,0,32,1,16,776,7,6,8,0,0,0,0
1,1.8,1,13,1,16,6,18,3213,15,14,15,1,1,0,3
1,1.5,0,11,0,38,3,18,716,11,4,14,0,1,0,0
1,2.3,0,10,1,16,2,18,424,10,5,4,1,1,0,0
0,0.6,0,0,1,63,7,19,3486,12,8,18,1,1,0,3
0,2.3,1,5,1,58,4,7,3237,19,12,9,1,0,1,2
1,1.1,1,2,0,41,2,10,1944,16,6,12,1,0,0,1
1,1.1,1,2,1,8,6,6,643,14,2,19,1,0,0,0
0,0.8,0,7,1,10,4,12,2317,6,0,12,1,1,1,2
0,1.3,0,6,1,52,8,7,1436,16,1,15,1,0,0,1
1,2.8,1,0,0,56,3,3,3190,5,2,20,1,1,1,2
1,2.5,0,6,0,21,2,11,2338,16,1,15,0,1,0,2
1,0.5,0,9,0,29,8,19,1334,18,7,2,0,0,0,1
0,2.0,0,2,0,6,3,4,3657,17,3,19,1,1,0,2
1,0.5,0,0,1,15,5,7,2080,16,11,12,1,0,1,2
0,2.4,1,11,0,35,7,20,1609,16,11,3,0,0,0,0
1,0.5,0,0,1,14,2,2,3078,10,1,18,1,0,1,2
0,1.2,0,9,1,35,8,14,590,13,2,6,1,1,1,0
0,1.4,1,3,0,11,7,4,2552,19,8,10,1,1,1,2
0,2.8,0,3,0,34,2,15,3355,12,5,13,0,0,0,2
1,2.9,1,9,1,15,7,19,1968,12,7,9,1,0,0,2
1,0.7,0,3,1,8,7,4,3358,7,3,19,1,0,0,3
1,1.9,1,0,0,2,3,7,1539,19,12,19,0,0,0,0
1,2.8,0,6,1,32,4,18,942,16,12,14,1,1,1,0
0,2.8,1,7,0,9,3,10,3669,9,1,10,1,0,1,3
1,1.6,0,6,1,9,2,14,3612,13,5,4,1,0,0,3
1,0.5,1,10,1,4,3,19,2351,8,7,10,1,1,0,1
1,0.7,1,0,1,64,6,0,604,10,4,8,1,1,1,0
0,0.8,1,2,0,11,2,4,1285,5,0,9,1,1,0,1
0,0.6,0,0,1,13,1,0,515,5,0,18,1,1,0,0
0,2.9,1,1,1,34,6,13,654,16,13,6,1,0,0,0
0,0.6,0,2,0,48,5,17,2540,17,2,15,1,1,1,3
1,1.7,1,5,1,53,5,9,3869,17,5,14,1,0,1,3
0,2.1,1,7,0,18,2,11,3412,13,8,16,1,0,0,3
0,2.7,1,3,1,47,5,12,509,12,3,19,1,0,0,0
0,2.3,0,0,1,21,6,6,2547,10,3,5,1,1,0,2
1,2.7,1,1,1,30,3,16,2735,16,15,13,1,0,1,2
0,2.8,0,1,0,22,1,5,1369,9,6,6,0,1,1,1
1,0.5,1,8,0,39,6,13,2942,11,5,16,0,1,1,2
1,1.3,1,6,0,6,7,10,2812,10,1,17,0,0,0,2
1,1.3,0,13,1,31,4,18,3497,9,7,11,1,1,0,2
0,0.5,1,0,0,50,8,1,619,5,3,18,0,1,1,0
0,2.9,0,8,0,3,1,20,3483,17,4,16,1,0,0,3
0,1.7,0,0,0,36,5,1,1475,11,4,7,0,0,0,1
0,1.0,0,0,0,8,1,4,1950,11,2,6,0,1,1,1
0,0.6,1,4,1,40,7,6,3592,7,6,6,1,0,0,3
0,0.5,1,0,0,58,5,1,3573,17,3,20,1,1,0,3
0,2.3,0,12,1,61,2,16,2020,6,0,18,1,1,0,1
1,0.7,0,5,0,32,3,9,1329,6,1,7,1,1,0,2
1,2.3,1,3,1,49,3,11,3568,6,2,18,1,0,1,3
1,1.6,0,3,0,49,1,9,1947,5,4,6,1,0,1,2
1,0.5,0,4,0,8,5,7,1998,12,7,15,1,1,0,2
1,2.7,0,7,0,34,4,17,725,11,3,20,1,0,0,0
0,0.5,0,0,1,12,4,6,3302,11,0,20,1,1,1,3
0,0.5,0,0,0,46,8,17,3884,17,0,20,0,1,1,3
1,1.7,1,9,1,27,6,11,1185,15,4,6,1,1,1,0
0,2.5,0,10,1,26,2,18,1656,5,3,17,1,0,1,2
1,2.7,0,3,1,53,4,11,2870,19,16,10,1,0,1,2
0,1.5,0,3,0,45,3,4,911,14,2,9,0,0,0,0
1,2.0,0,4,0,17,3,19,3892,18,7,19,1,1,0,3
1,1.2,1,6,1,27,1,11,3897,12,10,10,1,1,1,3
1,3.0,0,5,0,53,1,12,656,14,10,18,0,0,1,0
0,1.7,0,0,1,45,3,3,606,7,2,2,1,1,1,1
0,1.7,0,0,0,30,4,0,1653,11,7,17,1,0,0,1
0,0.5,1,3,0,12,4,6,860,14,1,14,1,0,1,0
1,2.8,1,0,0,10,2,14,2197,16,2,9,0,1,1,1
0,0.7,1,2,1,23,2,9,3458,7,5,11,1,0,1,2
0,2.9,1,1,1,53,4,20,2066,12,9,17,1,1,1,1
1,1.8,1,15,0,36,4,20,3676,12,8,5,1,0,1,3
0,0.6,1,4,1,49,1,5,1518,16,11,8,1,0,1,1
1,0.5,0,4,0,14,3,13,1018,17,10,15,1,0,0,0
0,1.8,0,3,1,35,3,4,1360,15,12,11,1,0,0,0
0,0.5,1,0,1,5,7,2,3449,5,2,14,1,0,0,3
0,2.0,0,0,1,60,6,1,2524,13,11,7,1,0,0,2
0,2.0,1,2,0,30,8,15,703,10,8,7,0,0,1,0
1,2.6,1,0,0,58,3,11,1251,13,4,18,0,1,1,1
0,1.3,0,5,0,8,1,20,582,6,4,15,0,0,0,0
1,2.2,0,0,0,63,5,4,1732,8,5,13,0,1,1,1
0,0.8,1,15,1,48,1,16,1252,6,4,19,1,1,1,2
1,1.5,0,2,1,29,1,4,2146,11,10,2,1,0,0,1
1,1.9,1,13,0,38,4,14,1927,17,4,6,0,0,1,1
1,1.7,0,15,0,13,4,16,3328,10,9,10,1,1,1,2
1,2.2,1,5,0,55,7,7,2462,15,7,17,1,0,1,2
1,2.4,1,0,1,13,2,9,1172,12,11,17,1,1,1,0
1,2.4,0,0,1,27,1,1,3598,9,2,12,1,0,1,3
0,0.5,1,3,0,27,3,10,2437,19,2,2,1,1,1,2
0,2.8,0,3,1,44,4,14,3271,14,12,8,1,1,0,3
1,1.8,0,11,0,9,3,12,1511,17,8,9,0,0,0,1
0,0.5,1,2,1,23,3,3,2981,7,3,14,1,0,0,2
0,0.7,1,2,0,7,1,7,3119,9,4,15,1,1,0,3
0,0.8,0,1,0,34,6,2,3647,18,11,9,1,0,1,3
1,1.2,1,1,0,13,8,2,3148,18,7,6,1,1,0,2
0,0.9,0,5,1,54,3,15,2829,11,5,13,1,0,1,2
0,2.6,0,9,0,46,3,16,2373,11,9,20,1,1,0,2
0,1.6,1,9,1,39,8,10,3998,6,3,13,1,1,0,3
0,0.5,1,0,1,33,2,1,316,19,10,4,1,0,0,0
1,2.1,0,3,1,52,7,4,999,16,12,9,1,1,0,0
1,1.6,0,0,0,7,4,2,1808,12,8,13,0,1,0,1
1,2.8,1,0,1,8,3,0,589,18,6,4,1,1,0,0
0,1.1,0,0,1,46,6,0,3317,8,0,19,1,1,0,3
1,0.5,1,2,1,50,8,17,670,16,3,8,1,0,0,0
0,1.4,1,3,0,42,1,16,584,11,9,6,1,0,0,0
0,0.5,0,2,1,13,2,16,2173,12,3,8,1,1,0,2
1,1.3,0,6,0,41,4,15,1561,10,5,17,0,0,1,1
1,0.5,0,7,1,13,2,18,2073,16,7,9,1,0,1,1
1,1.4,0,0,1,46,6,10,1401,19,14,11,1,1,0,1
1,2.1,0,9,0,38,7,16,3764,14,9,10,0,0,0,3
1,1.6,1,6,1,54,5,7,1275,13,7,12,1,0,1,0
1,0.7,0,0,1,47,8,14,1464,17,4,12,1,0,1,1
0,1.5,1,4,1,57,3,16,2885,13,11,5,1,1,1,3
0,2.3,0,9,1,6,8,14,3458,9,4,9,1,1,1,3
1,2.1,1,1,1,52,4,3,3019,11,6,19,1,0,1,3
0,2.5,0,3,0,36,1,14,1083,6,4,6,0,0,0,1
0,0.5,1,3,0,33,1,13,3538,18,1,15,1,0,1,3
0,2.9,1,7,0,7,2,9,2493,14,12,13,1,1,1,2
1,0.5,1,2,1,61,6,6,3726,8,5,15,1,0,0,3
0,2.8,1,4,0,7,1,6,1531,12,0,7,0,0,0,1
1,0.9,0,4,1,55,7,8,601,7,5,4,1,0,0,1
0,1.9,1,4,0,8,5,19,2991,8,7,4,0,0,1,2
0,0.5,1,1,0,19,8,17,3912,11,2,19,0,1,1,3
1,1.7,0,0,0,34,2,0,309,8,4,10,0,0,1,0
0,2.0,1,0,1,13,8,0,323,9,3,3,1,1,1,0
0,0.5,1,7,0,46,1,10,1489,10,9,3,1,1,1,1
1,3.0,0,7,1,38,3,11,1322,9,2,15,1,0,0,1
0,1.6,1,5,1,14,8,9,1846,7,0,3,1,0,1,1
0,1.2,1,5,1,52,2,10,417,8,0,6,1,0,1,0
0,0.9,0,6,1,52,4,12,3269,19,6,8,1,1,0,3
1,0.7,1,1,0,30,1,12,3731,17,13,15,0,0,0,2
1,0.5,1,0,0,54,4,11,667,17,8,14,0,0,0,0
1,0.5,0,0,1,47,1,18,1241,12,3,9,1,0,1,1
0,0.5,0,0,1,23,6,11,3941,19,6,13,1,0,0,3
1,2.5,0,4,1,58,5,14,1018,17,1,16,1,0,0,0
0,0.6,0,4,0,59,2,6,3142,19,3,17,0,1,1,3
1,2.5,1,3,1,47,5,9,1444,7,4,20,1,0,0,1
0,2.3,0,11,0,34,1,14,934,16,10,9,0,1,0,0
1,2.8,1,0,1,58,8,0,3863,17,12,9,1,1,1,3
0,0.6,1,2,1,44,3,3,3506,14,5,12,1,1,0,3
1,1.3,0,2,0,19,7,9,1944,9,4,9,1,1,0,1
1,0.5,1,0,1,11,4,0,348,14,9,14,1,0,1,0
0,0.7,1,9,0,51,4,15,550,12,8,6,1,1,0,0
0,3.0,1,5,1,20,7,17,971,11,10,10,1,0,0,0
0,2.5,0,0,1,21,7,0,3984,17,14,8,1,1,1,3
1,0.5,1,4,1,45,5,6,2973,17,8,15,1,0,1,3
1,0.5,0,10,0,11,5,14,2019,10,4,16,1,1,1,1
1,2.6,1,13,0,19,7,19,1587,9,4,19,0,0,0,1
1,1.6,1,13,0,48,7,18,1870,17,2,18,1,0,0,1
0,1.3,1,5,0,27,4,16,1352,5,1,11,0,1,0,1
1,0.5,0,11,0,3,6,15,570,7,6,19,0,1,0,0
0,1.3,0,14,0,43,6,15,546,12,6,7,1,1,1,0
0,1.6,1,5,0,49,3,20,3624,12,11,16,1,1,0,3
0,0.5,1,2,1,10,2,9,2944,8,6,2,1,1,1,2
0,0.5,1,0,1,19,8,9,1209,19,12,12,1,1,0,0
1,1.9,1,1,1,29,6,12,2752,15,2,7,1,1,1,3
1,3.0,0,3,0,20,6,5,3868,5,1,7,0,1,1,3
0,0.8,0,2,1,28,5,3,3087,16,4,4,1,1,1,2
0,2.6,1,5,0,57,2,12,947,11,4,16,0,1,1,0
1,0.6,1,12,0,50,3,16,1484,9,7,8,1,0,0,0
1,0.6,1,3,0,46,7,12,347,17,0,12,1,0,1,0
1,0.5,0,15,0,53,8,19,3227,12,6,8,1,0,0,2
1,2.3,0,0,0,58,5,1,3299,13,4,16,0,0,1,3
0,0.5,1,11,0,13,1,15,1028,8,4,17,1,0,0,0
1,1.0,0,16,1,34,2,17,714,18,2,2,1,0,1,1
0,1.3,1,2,0,31,8,6,2641,8,2,7,0,0,0,3
0,2.2,0,4,0,51,5,7,1229,12,0,14,1,0,0,1
0,0.7,0,5,0,19,4,17,2622,16,3,5,0,0,1,2
0,2.6,1,7,0,6,2,10,929,13,6,18,0,1,1,0
1,1.4,0,0,1,53,3,0,1211,15,10,7,1,0,1,0
0,1.8,0,0,0,53,6,0,1653,7,5,6,1,0,0,2
0,1.7,1,3,1,33,2,19,511,9,0,7,1,1,0,0
0,0.5,0,4,0,52,4,19,3034,13,6,8,0,0,0,2
1,2.8,0,0,1,54,7,15,1414,6,1,19,1,0,1,0
0,0.5,0,1,1,28,1,7,2438,13,11,10,1,1,1,3
1,0.5,0,12,0,63,8,18,3744,11,1,7,0,0,1,3
0,2.7,1,3,1,64,4,20,1377,5,3,15,1,1,1,1
0,0.5,1,0,1,23,4,1,3520,7,4,7,1,0,0,3
0,0.5,1,1,0,59,4,3,3796,17,10,12,0,1,1,3
0,0.5,0,13,1,61,3,20,1699,17,10,3,1,1,1,1
0,2.6,0,7,0,58,3,16,336,14,8,13,1,1,1,0
1,0.5,0,9,0,55,5,10,1095,14,12,13,0,1,0,0
1,2.5,1,13,0,49,3,17,325,9,1,6,0,0,1,0
0,2.5,0,1,1,53,4,2,1223,19,12,7,1,0,0,0
0,1.5,1,7,0,37,2,12,1649,6,1,14,0,1,0,1
1,0.7,0,0,1,4,2,0,1898,12,4,3,1,1,0,1
1,1.4,1,0,1,38,5,0,2609,12,11,19,1,0,0,2
1,2.5,1,6,0,18,1,7,2265,5,3,20,1,1,1,2
1,0.5,1,3,0,43,6,10,2775,9,4,3,0,1,1,2
0,1.2,0,8,1,12,7,17,1445,17,16,12,1,1,1,1
1,1.4,0,0,0,41,4,1,2614,5,4,15,1,0,0,2
1,1.4,0,7,0,57,7,11,356,5,3,19,0,0,0,0
0,1.7,0,1,0,13,3,2,523,5,0,4,0,1,1,0
0,2.5,1,0,0,57,7,3,3745,17,1,4,0,1,0,3
0,1.7,0,1,1,60,2,13,1229,6,0,3,1,1,1,0
0,2.8,0,0,0,28,3,4,1402,14,10,3,0,1,0,1
1,0.5,1,2,1,46,5,14,2085,13,5,8,1,0,0,1
0,0.5,0,12,1,14,7,14,587,8,3,4,1,1,1,0
0,2.1,0,2,1,63,7,8,2457,19,13,7,1,0,1,3
0,2.8,1,0,1,52,3,7,2030,7,0,6,1,0,0,2
0,2.8,1,5,1,18,2,14,816,16,2,3,1,0,0,0
1,2.8,1,3,0,39,7,14,1667,10,0,12,0,0,0,1
0,1.1,0,10,0,63,7,14,2958,17,1,19,0,1,0,2
0,2.1,0,4,0,5,5,13,3705,6,4,13,1,0,0,3
0,1.2,0,1,0,30,8,5,2800,11,6,16,0,1,1,2
1,2.1,0,1,0,7,7,9,3773,11,9,6,0,1,1,3
1,1.7,1,3,1,22,1,5,2050,7,2,17,1,1,0,1
0,0.7,1,0,1,21,1,7,1754,17,11,9,1,0,1,1
0,1.7,0,3,1,35,3,7,1904,12,8,13,1,1,1,1
0,1.9,1,1,0,37,5,4,2705,17,3,10,1,1,0,1
1,0.9,0,1,1,3,8,7,3537,16,13,3,1,0,1,3
0,0.7,1,11,0,27,5,13,1370,16,3,19,1,0,1,1
1,0.7,1,0,0,19,2,3,1222,13,2,7,0,0,0,1
0,0.5,1,1,0,64,4,7,3102,6,0,2,0,0,0,2
1,0.5,0,0,1,33,6,0,2268,7,5,4,1,1,0,2
0,1.0,0,9,1,18,8,12,2648,7,5,18,1,1,1,1
0,3.0,1,0,1,16,8,11,2173,7,3,19,1,1,0,2
1,2.5,0,3,0,32,4,6,3162,19,18,3,1,0,0,3
1,0.7,1,4,0,28,1,5,1368,14,5,17,1,0,1,1
1,2.5,0,16,1,51,1,17,2746,10,4,7,1,0,1,2
0,0.5,1,5,0,18,6,20,619,7,4,8,1,1,1,0
0,0.5,1,3,0,17,6,6,724,17,3,9,1,0,1,1
1,0.5,0,7,0,42,3,8,912,16,9,6,0,1,0,0
0,0.5,0,6,0,23,6,19,2784,12,6,20,1,1,1,3
1,0.5,0,5,1,23,6,7,793,7,3,17,1,1,0,0
1,0.5,0,4,0,45,1,5,560,9,1,10,1,1,0,0
0,2.6,0,1,0,27,4,20,312,5,2,8,0,0,1,0
1,2.5,0,2,0,41,7,18,545,12,0,9,0,1,1,0
0,0.7,1,1,0,60,7,12,1591,19,0,2,1,0,1,1
0,1.0,0,0,1,31,7,1,2746,15,5,10,1,1,0,3
1,2.3,0,13,0,8,3,14,893,9,6,13,1,1,0,0
1,2.4,0,0,1,62,6,0,2514,16,12,7,1,1,1,1
0,0.8,1,3,1,10,1,12,1032,10,0,8,1,1,1,1
0,1.1,1,0,1,39,5,7,819,8,0,10,1,1,1,0
0,0.8,1,8,0,59,3,16,3672,15,2,15,1,0,1,3
1,0.8,1,0,0,24,6,0,3833,14,13,17,0,1,0,3
1,0.5,1,1,0,23,8,3,1482,15,7,17,0,1,0,2
0,2.5,0,3,0,14,5,4,2043,7,5,14,0,0,0,1
1,2.6,0,1,0,40,6,2,1229,16,11,2,0,1,0,0
1,2.8,1,7,0,33,4,13,1816,17,16,15,1,0,1,1
0,1.1,0,11,0,37,7,20,2166,10,1,4,1,0,0,2
0,1.1,1,0,0,14,5,1,2469,18,6,7,1,1,1,2
1,0.5,0,1,1,55,5,3,2575,13,10,7,1,1,1,2
0,2.6,0,0,1,30,1,13,1375,15,3,19,1,0,0,1
0,0.5,0,8,0,55,3,15,1732,6,2,11,1,0,1,1
1,0.5,1,6,1,4,3,12,673,10,3,12,1,0,0,0
0,1.5,0,9,1,18,2,14,2301,15,9,8,1,0,0,1
1,0.6,0,2,0,30,5,3,2676,17,8,7,1,0,0,2
1,0.8,0,8,1,58,2,10,1781,18,3,17,1,0,0,2
1,2.6,0,0,1,58,4,15,2248,16,8,13,1,0,0,2
1,2.5,1,3,0,62,4,13,921,14,13,18,1,0,0,0
1,1.5,0,0,0,2,3,2,391,5,2,8,1,1,1,0
1,2.5,1,1,1,10,7,14,1719,19,3,18,1,1,1,1
0,2.0,0,6,1,35,5,16,3262,16,15,16,1,0,0,3
0,0.5,1,2,1,35,2,3,1947,15,13,15,1,1,1,1
1,0.8,0,4,0,61,7,9,2693,8,3,7,0,1,1,3
0,0.5,0,0,1,60,4,0,441,15,1,11,1,1,0,0
0,1.5,0,1,0,14,5,13,1886,19,11,9,1,1,1,0
1,0.5,1,13,1,32,1,20,1267,17,4,20,1,1,0,1
1,0.7,0,4,0,57,3,7,687,6,0,20,1,1,1,0
1,1.3,1,2,0,12,1,13,2890,17,1,12,0,0,0,3
1,1.8,1,4,1,55,1,12,1737,8,5,10,1,0,1,1
1,2.5,1,11,0,47,2,13,887,18,6,5,0,0,0,0
0,2.6,0,1,0,18,7,2,398,16,8,3,1,1,1,0
0,2.4,1,0,0,46,7,1,2389,7,3,15,0,0,1,2
0,2.3,0,3,0,45,1,9,3431,15,6,13,0,1,1,3
0,2.3,0,1,0,43,2,11,3601,14,4,16,0,0,0,3
1,0.6,1,5,0,35,8,10,2459,14,1,16,1,1,0,1
1,1.9,1,0,1,59,6,0,3230,6,1,9,1,1,0,3
0,0.5,1,1,0,57,2,5,3646,15,4,11,1,1,1,3
1,2.1,1,0,0,36,8,1,2200,18,14,15,0,1,0,1
1,1.3,1,1,0,64,2,7,3862,17,10,9,0,0,0,3
1,0.5,1,14,0,22,6,20,3077,17,3,17,0,0,0,2
1,1.8,1,2,1,44,2,9,621,11,4,14,1,1,1,0
0,1.6,1,11,1,58,8,19,2372,14,12,2,1,1,0,2
1,2.2,1,0,1,63,2,1,2574,14,3,5,1,1,0,2
0,2.9,0,11,1,46,4,17,2857,17,14,2,1,1,1,3
0,2.2,0,8,0,16,8,10,3143,17,12,20,0,1,0,3
0,1.3,1,15,1,35,5,20,3197,14,9,6,1,0,1,3
0,2.1,0,4,1,41,8,5,2727,15,8,11,1,0,0,3
1,2.1,1,1,0,12,1,6,1519,9,4,5,1,0,1,1
1,2.1,1,9,1,9,3,11,2438,14,2,17,1,0,0,2
1,1.9,0,4,0,54,3,9,2674,9,3,9,1,0,1,2
1,0.6,1,1,1,50,5,13,2107,13,12,12,1,0,0,1
0,0.6,0,8,0,16,1,14,2262,16,15,4,0,1,0,2
0,0.5,1,13,0,5,8,18,815,16,6,10,1,1,1,0
1,1.2,1,0,1,52,7,9,2829,13,10,3,1,1,1,2
1,1.9,1,2,0,31,1,17,3022,13,5,19,0,0,1,3
1,0.7,0,2,1,62,8,9,2573,16,12,18,1,0,1,2
1,1.8,1,0,0,10,4,1,2678,16,5,13,1,0,1,2
1,1.8,1,3,1,55,5,6,1282,11,9,11,1,1,1,1
1,2.5,1,2,0,9,8,16,568,12,11,8,0,0,0,0
0,1.5,0,1,0,14,1,3,2074,8,1,5,1,1,0,1
0,3.0,1,1,0,8,2,3,2227,9,2,14,1,0,1,1
0,0.6,1,1,0,60,2,3,1080,10,0,6,0,0,1,0
1,1.7,0,2,0,10,6,6,2867,5,4,15,0,1,0,2
0,2.4,0,10,0,55,6,12,1075,12,11,3,1,1,0,0
0,0.5,1,3,0,43,5,6,3063,17,13,4,0,1,0,2
0,1.3,0,3,0,24,4,4,2479,9,2,15,1,1,0,2
1,3.0,0,10,0,56,3,17,2394,19,11,14,1,1,0,2
1,1.2,1,10,1,31,3,11,2814,13,3,19,1,0,0,2
0,2.4,0,1,1,51,7,2,2094,8,0,10,1,0,0,1
0,2.6,1,0,1,2,4,0,2315,10,1,2,1,1,0,2
0,1.0,1,5,1,14,4,6,2519,13,0,16,1,0,1,2
1,1.9,1,3,1,12,6,11,735,7,6,14,1,0,1,0
1,1.5,0,0,1,32,7,1,1891,19,13,7,1,0,1,1
0,1.5,1,0,1,44,6,1,1386,7,1,8,1,1,1,1
0,1.3,1,9,1,46,1,14,3260,14,12,6,1,0,0,2
1,2.4,0,11,1,35,3,13,2022,14,11,4,1,0,1,1
1,1.0,1,2,0,2,8,14,1716,7,5,15,0,0,0,1
0,1.1,1,2,1,38,5,6,3317,7,1,8,1,1,1,3
0,2.0,1,1,0,20,7,3,1454,11,3,8,1,1,0,0
1,2.2,1,0,1,49,4,1,2290,13,0,12,1,1,0,1
0,0.8,0,2,0,61,5,3,3940,17,11,20,0,1,1,3
1,0.5,0,0,0,50,8,15,461,17,4,4,1,0,1,0
0,0.8,0,10,1,21,7,15,2219,15,6,12,1,0,1,2
0,2.8,1,0,0,40,3,0,470,6,0,16,1,0,0,0
0,2.7,0,13,1,28,8,18,2495,10,0,9,1,1,1,2
0,1.4,0,0,0,29,7,2,2944,8,7,2,1,1,1,2
0,1.2,1,8,0,59,3,9,2361,16,11,19,1,0,1,2
1,2.0,0,11,0,16,8,12,1783,17,3,13,0,0,1,2
1,1.3,1,8,1,40,3,13,2832,13,7,20,1,1,1,2
1,2.9,0,9,1,42,6,17,931,11,5,20,1,1,0,0
1,1.8,1,0,1,27,4,1,1344,17,10,5,1,0,0,0
0,0.7,0,0,1,9,2,0,3916,13,1,5,1,0,1,2
1,1.4,0,8,0,44,7,20,1882,14,1,14,0,0,0,1
1,0.5,0,9,1,51,5,12,2865,11,6,9,1,1,1,2
1,1.6,0,12,0,15,8,14,757,12,2,16,1,1,1,0
0,2.0,1,4,0,51,6,12,3469,5,4,6,1,0,1,3
1,0.5,1,2,1,57,3,7,2399,18,15,17,1,1,1,1
1,2.2,1,0,1,18,2,1,3300,12,10,20,1,0,0,3
1,2.2,1,2,0,3,2,9,2719,19,2,9,1,1,1,2
0,2.0,1,3,0,47,7,12,3012,14,4,15,1,0,0,2
0,1.5,1,12,1,14,4,15,2836,6,5,4,1,0,0,3
1,2.1,1,2,1,11,2,9,2385,11,7,16,1,0,0,2
1,0.5,1,9,0,30,3,10,594,12,0,4,1,1,1,0
0,0.5,0,0,1,7,4,1,2968,9,0,3,1,1,0,3
1,1.8,1,0,1,24,6,0,3762,12,10,5,1,0,0,3
0,1.5,1,0,0,2,1,1,892,15,13,20,0,1,0,1
0,1.9,0,11,1,13,8,15,467,17,11,5,1,1,1,0
0,2.8,0,0,1,62,1,0,345,10,6,14,1,0,0,0
1,2.2,0,0,1,40,7,1,3033,9,8,17,1,1,1,3
0,0.5,0,0,1,9,6,2,2110,9,5,16,1,0,1,2
1,2.7,0,11,0,56,8,13,3105,14,8,5,0,1,1,2
1,0.5,0,5,0,62,6,7,874,15,3,10,1,1,0,0
1,2.3,1,7,1,39,7,11,3681,19,3,15,1,1,1,3
0,0.7,1,1,1,52,2,10,3865,8,3,7,1,0,1,2
1,0.5,1,10,0,11,3,14,737,14,4,11,0,1,0,0
1,2.2,1,12,1,10,7,18,3153,8,2,11,1,1,0,3
1,0.5,0,4,1,37,1,8,2800,8,6,12,1,0,1,2
0,1.8,1,0,0,27,1,8,315,14,5,11,1,1,0,0
0,2.8,1,2,0,60,8,6,1412,13,1,20,0,1,1,1
1,2.8,1,7,1,2,7,15,2286,19,8,13,1,0,0,2
0,1.8,1,16,0,34,2,17,2392,17,15,19,1,0,1,2
1,2.8,1,0,0,49,2,2,1857,8,4,5,1,1,1,1
0,1.9,0,0,0,26,7,1,1419,10,6,16,1,1,1,0
0,0.7,0,2,1,58,2,3,3305,12,7,2,1,0,0,2
0,2.4,0,1,0,32,6,20,959,17,7,6,0,1,0,0
1,2.0,1,0,0,35,3,0,2635,17,16,4,1,0,1,2
0,2.7,1,0,1,45,5,1,1754,17,7,9,1,0,1,1
0,0.5,0,6,1,57,3,12,2563,18,4,14,1,0,0,2
0,2.5,1,11,1,41,4,20,1936,7,0,9,1,1,1,1
0,1.9,1,2,1,22,8,14,1869,8,5,4,1,1,1,1
1,1.6,1,0,0,50,5,2,3637,11,7,16,0,0,1,3
0,1.8,0,2,0,20,3,8,896,17,6,14,0,0,0,0
1,0.7,0,13,1,51,3,15,2349,10,1,20,1,0,1,1
0,0.5,0,2,1,5,1,11,774,15,4,6,1,1,0,1
1,1.7,1,0,1,58,3,10,3397,7,6,2,1,0,0,2
1,1.6,0,7,1,2,8,9,485,10,6,4,1,1,1,0
0,2.5,0,10,1,24,4,15,3964,13,8,12,1,1,0,3
0,0.9,0,1,0,11,4,7,1887,8,5,11,1,1,1,1
0,0.5,0,8,0,32,3,11,2977,6,1,20,0,1,1,2
0,1.8,1,3,1,56,7,4,2114,10,5,19,1,1,1,2
0,0.7,1,1,1,29,2,20,1542,17,9,15,1,0,1,1
1,0.5,0,5,1,57,8,12,3038,15,7,18,1,0,1,3
1,1.4,0,5,0,51,7,10,2481,11,9,11,0,0,0,2
0,0.5,1,3,1,9,3,20,841,18,15,16,1,0,0,0
1,2.1,1,0,0,24,4,5,3565,12,11,8,1,0,1,2
1,2.0,0,0,0,5,6,3,1958,9,6,4,1,1,1,2
0,0.5,0,2,0,27,8,5,2454,14,0,8,1,1,1,2
1,1.6,0,7,1,37,1,9,3392,12,8,5,1,1,1,3
0,2.6,0,0,1,56,3,1,262,14,4,20,1,1,0,0
0,0.5,1,6,1,6,4,9,530,8,4,8,1,0,1,0
1,2.5,1,3,0,35,3,16,3703,13,1,9,0,0,1,3
1,2.5,0,2,1,55,1,7,2562,5,1,3,1,0,0,2
1,1.7,1,0,1,64,1,3,574,10,2,18,1,1,0,1
0,1.0,0,4,0,16,4,8,2632,7,1,15,0,0,1,2
0,2.7,1,5,1,20,2,6,259,12,6,4,1,1,1,0
1,0.5,1,4,0,10,1,5,688,10,7,15,0,1,0,0
1,2.0,1,5,0,36,6,6,2554,19,1,12,0,1,0,2
1,2.6,1,0,0,61,1,6,3859,11,10,17,0,1,0,3
1,0.5,0,9,1,62,5,13,2977,15,12,5,1,1,1,2
1,0.5,1,0,0,40,7,19,571,8,7,17,1,1,0,0
1,0.5,1,5,1,55,7,7,402,14,7,14,1,0,1,0
1,2.5,0,2,1,32,5,3,878,16,5,17,1,1,1,0
1,0.9,0,4,1,4,1,19,2130,8,3,15,1,1,0,2
0,1.6,0,0,0,39,2,9,3260,13,1,17,0,0,1,3
1,0.8,1,2,1,7,8,4,454,11,8,6,1,1,0,0
0,2.3,0,7,1,35,7,19,2638,19,16,14,1,1,1,2
1,1.6,1,11,1,24,8,17,2819,16,13,5,1,0,1,2
1,1.2,0,5,1,50,4,20,1464,7,3,20,1,1,1,1
0,2.8,0,10,0,59,6,13,1824,11,9,3,1,1,0,1
1,1.6,1,0,0,47,8,15,876,16,0,5,1,1,0,1
1,2.5,0,1,1,21,7,9,2706,7,5,18,1,1,0,2
1,0.5,1,0,0,20,2,0,659,14,9,13,1,1,1,1
0,0.5,0,0,1,29,5,9,455,9,2,6,1,0,1,0
1,2.8,1,2,0,54,2,10,2378,17,11,2,1,0,0,2
0,1.7,1,1,1,41,1,14,2278,15,3,18,1,1,0,1
0,1.8,1,2,0,43,5,3,3436,16,13,5,0,1,1,3
1,0.5,0,1,1,31,6,2,3424,19,2,13,1,1,0,3
0,2.5,1,1,0,49,6,3,401,5,0,10,1,0,1,0
0,1.0,0,6,0,52,2,20,681,19,18,19,1,1,1,0
0,0.6,0,5,1,6,6,8,3212,15,7,7,1,0,1,2
0,0.5,0,4,0,13,6,12,3105,7,1,10,1,0,0,3
1,0.5,1,0,0,52,6,0,2036,5,1,10,0,1,0,1
1,0.5,1,14,0,49,7,18,3153,16,15,5,1,1,0,3
0,1.6,1,5,0,7,4,6,1642,9,4,3,0,1,1,1
0,1.4,0,0,0,60,1,17,509,15,12,12,1,0,0,0
0,0.5,1,1,1,20,8,10,3465,16,11,6,1,1,0,3
1,2.3,0,8,1,27,7,12,3900,18,16,2,1,0,1,3
0,1.8,0,1,0,12,1,11,1105,7,6,19,0,1,1,0
0,2.2,0,1,1,39,1,5,2064,13,7,6,1,0,0,1
1,1.8,1,1,1,13,1,4,3117,19,6,9,1,0,1,3
0,1.5,0,13,1,7,3,18,1142,13,9,8,1,0,1,1
0,1.0,1,3,1,4,1,4,1060,12,10,4,1,1,1,1
1,0.8,0,4,1,19,2,5,2381,14,1,5,1,0,0,2
0,0.6,1,1,1,54,3,2,3366,7,3,11,1,0,1,3
0,2.9,0,7,0,42,6,17,1339,17,0,14,0,0,1,0
1,1.8,1,0,1,31,4,10,2560,7,3,8,1,0,0,3
0,0.7,1,1,1,25,2,8,285,19,7,3,1,0,1,0
1,1.6,1,3,1,12,7,17,2476,17,1,10,1,0,0,1
0,2.7,0,4,1,46,1,5,1862,16,9,2,1,0,1,1
1,1.5,1,4,1,6,1,15,3488,6,4,10,1,1,1,3
0,1.4,1,10,1,8,8,14,3178,9,7,10,1,0,1,2
0,2.4,0,2,0,37,8,3,733,15,0,14,1,1,0,0
0,0.7,0,2,0,23,7,7,756,14,5,6,0,0,0,0
0,0.6,0,12,0,58,1,13,3622,17,2,17,0,1,1,3
0,1.6,0,4,1,12,5,16,1277,14,9,5,1,0,0,1
0,1.4,0,5,1,6,6,8,3703,13,10,11,1,1,0,3
1,0.5,0,4,1,10,6,6,1905,16,3,18,1,1,1,1
0,1.2,1,5,1,15,6,8,2636,12,2,6,1,1,0,2
0,2.0,0,2,1,12,5,6,2014,11,9,10,1,0,0,2
1,1.8,0,0,1,9,2,1,3056,18,16,6,1,0,0,3
1,1.8,0,0,1,19,3,0,465,12,8,4,1,1,0,0
1,1.3,1,1,1,49,6,13,3869,16,14,20,1,1,1,3
1,2.8,1,10,1,28,5,15,1108,12,1,7,1,0,1,1
1,0.5,1,7,0,58,5,8,1906,14,5,5,1,0,0,1
1,2.8,1,6,1,46,4,11,851,8,4,4,1,1,1,0
1,1.2,0,10,1,60,7,14,3142,11,4,19,1,0,1,3
0,0.6,0,0,1,31,4,0,1300,14,7,13,1,0,1,0
0,1.0,0,7,0,36,5,9,1430,8,6,10,0,0,0,2
1,0.5,0,1,1,59,8,4,362,16,10,6,1,1,1,0
0,1.5,1,10,0,56,1,19,2456,13,0,13,1,1,1,2
0,2.8,0,0,1,44,8,0,2360,7,4,19,1,0,0,2
0,1.9,1,1,0,42,7,11,3700,10,0,7,1,1,0,3
0,1.4,1,10,0,2,7,20,2620,7,5,13,1,0,0,2
0,0.6,0,2,0,52,3,3,437,14,7,17,1,0,0,0
0,1.5,0,5,1,6,2,19,3774,11,5,18,1,0,0,3
1,0.6,0,1,0,19,2,9,1218,15,10,17,0,1,0,1
0,2.6,0,5,0,5,5,16,696,14,12,15,1,1,1,0
0,2.6,1,2,1,33,2,17,3407,12,1,20,1,0,0,3
1,1.7,1,1,0,58,7,13,3902,9,3,3,1,0,0,3
1,2.3,1,5,1,30,8,7,2086,10,0,19,1,1,1,1
1,0.8,0,2,1,42,3,10,1356,15,9,16,1,0,1,1
0,1.7,1,7,1,26,5,11,1704,6,5,20,1,1,1,0
1,1.3,1,0,1,6,3,9,3571,16,1,11,1,1,1,3
1,2.3,0,2,1,5,5,11,2132,18,15,19,1,0,1,1
1,2.6,1,0,1,44,4,5,3209,13,11,8,1,1,1,3
1,0.7,1,3,1,23,1,9,2096,13,6,2,1,0,0,1
1,1.1,0,0,1,6,4,0,1273,19,0,6,1,0,0,1
1,0.5,1,3,1,27,5,10,3623,9,4,15,1,1,0,2
1,0.5,0,5,1,41,2,17,368,5,1,12,1,0,0,0
0,0.6,1,1,0,32,3,8,854,8,2,10,1,0,1,1
0,2.6,0,0,1,59,6,0,3646,10,9,16,1,0,1,3
0,1.1,1,13,1,17,4,18,3130,12,4,2,1,0,1,3
1,0.5,1,3,1,5,1,9,3784,13,4,4,1,1,0,3
1,2.3,0,9,0,17,7,17,3885,11,0,14,1,1,0,3
1,2.3,0,6,1,13,7,7,1494,18,10,12,1,1,1,1
1,0.5,0,4,1,29,5,13,2973,11,1,20,1,1,1,3
0,1.9,0,7,0,20,6,14,1471,13,4,11,0,1,0,0
0,0.5,0,6,0,27,2,11,2001,11,10,12,1,1,1,1
1,0.9,1,0,1,42,5,0,1486,15,3,19,1,0,0,1
0,0.7,0,3,0,47,3,6,1321,7,2,6,0,1,1,0
1,1.2,0,2,0,17,8,4,1877,18,2,11,0,0,1,1
0,2.3,0,14,0,22,5,20,3499,11,7,19,1,1,1,3
1,1.9,1,0,1,39,1,0,2124,6,0,12,1,1,0,1
1,2.8,1,15,0,60,3,18,1221,18,12,15,1,0,1,1
1,1.3,0,1,0,29,8,20,2316,19,2,6,0,0,1,2
0,1.8,1,5,1,16,4,6,1068,6,0,8,1,1,0,1
0,2.9,1,3,1,24,4,7,1930,13,12,4,1,0,1,1
0,2.9,0,9,0,14,7,18,1316,8,1,8,1,1,0,1
0,0.5,1,8,0,47,8,9,1742,18,12,15,1,0,0,1
1,3.0,1,5,1,34,8,13,3265,14,7,14,1,0,0,2
1,2.5,0,4,1,5,4,16,2700,13,7,8,1,1,1,2
0,1.5,0,3,0,36,4,8,2115,8,7,18,0,0,0,2
0,1.3,1,7,0,12,2,19,3915,9,7,8,0,0,1,3
1,0.5,0,0,1,16,8,1,3144,16,2,14,1,0,0,3
0,0.5,0,3,1,58,7,8,1571,17,16,2,1,0,0,2
0,0.6,0,12,0,44,5,13,2253,10,8,9,0,0,0,1
0,0.5,1,9,0,10,6,12,1433,6,1,17,0,0,0,1
0,0.8,1,2,1,42,5,18,2583,15,2,13,1,1,1,2
0,0.6,0,8,0,42,5,9,1817,6,1,16,1,0,0,1
1,0.5,0,1,1,51,2,15,2915,17,1,6,1,1,1,2
1,2.8,1,0,1,18,8,1,3340,8,0,16,1,1,1,3
0,1.3,1,5,1,7,7,19,2790,19,11,10,1,1,0,2
1,1.2,1,0,1,14,4,1,577,14,12,12,1,1,0,0
1,0.9,1,0,1,14,2,4,3220,17,2,6,1,1,0,3
0,1.6,1,8,1,26,1,12,3488,14,3,11,1,1,0,3
0,2.4,1,12,1,14,4,15,1277,9,6,16,1,0,1,1
1,0.5,1,7,0,2,2,15,3593,14,9,3,0,1,0,2
0,2.5,1,0,1,42,8,1,2736,12,5,19,1,1,0,3
1,1.2,0,8,0,31,8,19,2311,17,9,18,1,1,0,2
1,1.3,0,0,1,63,8,9,1464,7,6,16,1,1,1,1
0,1.3,0,7,0,9,2,12,1355,6,1,14,1,1,0,1
1,2.3,1,0,0,40,2,1,2382,6,4,7,1,0,1,2
1,1.6,1,9,0,57,4,20,1886,16,0,17,1,0,1,1
1,0.5,1,2,1,31,5,9,832,7,3,19,1,0,0,1
0,0.7,1,9,1,28,6,16,751,19,11,8,1,0,1,0
1,1.5,1,0,1,27,5,7,436,10,8,11,1,0,0,0
0,2.2,1,1,1,42,1,13,722,6,5,10,1,1,0,0
0,0.5,0,2,0,12,1,8,1075,7,3,2,0,1,0,0
0,0.5,1,4,0,39,4,6,2802,8,0,10,1,1,0,2
0,1.9,1,0,1,11,2,15,1780,12,10,2,1,0,0,1
0,0.8,0,8,1,14,4,16,1247,19,16,16,1,0,0,1
1,0.8,1,8,1,62,8,9,3066,11,2,19,1,1,0,2
1,2.3,0,4,0,51,8,17,403,11,2,12,0,0,0,0
0,0.5,1,2,1,23,5,17,2518,19,12,3,1,1,0,2
0,0.5,0,0,1,15,2,0,1069,18,6,14,1,0,0,0
1,1.7,1,3,1,6,4,11,2651,14,8,9,1,0,1,2
1,2.8,1,2,1,40,7,6,2974,15,12,19,1,0,1,2
1,2.3,1,3,0,52,5,8,657,7,3,2,1,1,0,0
1,1.4,1,1,1,32,2,2,3372,18,13,10,1,1,0,3
1,1.9,1,0,1,63,5,2,1464,15,9,20,1,1,0,1
0,2.0,1,1,0,24,4,2,1326,7,4,3,1,1,0,0
0,2.6,0,0,0,49,4,5,3393,6,5,7,1,0,0,3
0,0.5,1,0,1,57,2,0,323,17,3,7,1,0,1,0
0,2.9,0,2,0,62,1,8,1628,9,3,6,0,1,0,1
0,2.9,0,0,0,33,8,2,2610,8,3,13,1,1,0,3
1,2.2,1,7,0,56,4,10,3721,16,11,4,0,1,1,3
0,2.8,1,1,0,50,8,8,763,17,1,17,0,1,1,0
0,0.5,1,12,0,10,3,19,792,17,12,13,1,0,1,0
1,1.9,0,6,0,2,5,20,1568,14,0,19,1,0,0,1
1,0.5,0,0,0,29,4,2,1276,19,4,17,0,1,0,1
1,1.6,1,9,0,52,4,19,3472,10,4,12,1,1,1,3
1,1.1,1,18,1,17,4,20,2520,8,2,11,1,0,1,2
0,0.5,0,3,1,63,2,10,3423,13,3,19,1,0,0,3
0,0.5,1,6,0,52,6,10,258,14,8,9,1,0,0,0
1,1.9,0,1,1,42,5,3,1868,16,7,6,1,0,0,2
0,2.5,1,15,0,14,3,19,2171,19,8,18,0,0,1,1
1,0.5,1,4,0,28,5,8,780,11,10,5,0,0,0,0
1,2.1,1,0,0,6,1,1,712,17,5,10,0,0,0,0
0,1.6,1,0,1,30,8,1,1012,7,4,13,1,1,1,0
1,2.4,0,8,0,28,4,9,318,11,10,19,1,0,0,0
0,1.5,0,6,1,26,6,8,3948,18,11,15,1,1,1,3
0,1.1,1,2,1,14,8,6,629,16,15,20,1,0,0,0
0,0.7,1,0,1,29,7,1,1161,11,8,5,1,0,0,0
0,0.5,0,7,1,35,8,17,1403,16,7,6,1,0,0,0
1,0.5,0,0,1,13,4,8,3707,19,3,18,1,1,0,3
0,0.5,0,6,1,55,8,7,1305,6,5,4,1,0,1,0
0,1.5,1,6,0,18,4,7,2926,17,13,9,1,1,1,2
1,0.5,0,5,1,27,3,18,2674,7,2,5,1,0,1,2
0,0.5,0,3,0,40,2,5,471,8,4,20,0,0,1,0
1,0.5,1,3,0,21,8,7,1724,12,10,8,0,0,1,1
1,2.3,1,18,0,60,4,20,1220,9,3,20,0,1,0,1
0,1.5,0,1,1,63,2,10,2754,19,10,8,1,1,1,2
1,0.5,1,1,1,33,5,4,594,17,8,16,1,0,1,0
0,2.3,1,7,1,54,2,9,1005,12,2,14,1,0,1,0
0,1.9,1,0,1,14,1,7,2439,6,3,12,1,1,1,1
1,0.5,0,1,0,30,4,2,2302,12,10,10,0,1,1,1
0,0.5,0,6,1,15,2,17,1083,16,11,16,1,1,0,0
1,2.1,0,6,1,10,8,15,2219,9,3,15,1,1,1,2
1,2.7,0,2,0,32,7,5,1571,12,3,14,0,0,0,2
1,1.4,0,10,1,15,4,13,2107,18,5,16,1,1,0,2
0,0.5,1,18,0,2,5,19,593,9,4,18,1,1,1,0
1,1.9,0,0,0,50,8,18,857,12,4,6,1,1,0,1
0,2.1,0,1,0,44,5,2,3518,16,12,7,1,1,1,3
0,0.5,1,2,0,58,4,4,1284,17,7,17,0,0,1,0
0,2.7,1,4,0,19,6,7,545,19,18,16,0,0,0,0
0,1.3,1,4,1,6,6,10,3566,9,5,12,1,0,1,2
0,2.1,0,1,0,34,1,4,2821,13,5,17,1,0,1,2
0,1.4,0,3,1,59,7,5,3442,18,16,5,1,1,0,3
0,2.4,0,5,1,6,6,9,1309,12,1,14,1,0,0,1
0,2.5,1,1,0,19,6,9,1179,10,3,18,0,0,1,1
0,1.4,1,8,0,37,8,20,1713,16,0,19,0,0,0,1
0,2.1,1,0,0,9,3,1,1663,9,3,14,1,0,1,1
0,2.8,1,11,0,10,8,19,1812,5,0,19,1,1,1,2
1,1.0,0,9,0,41,4,19,1384,19,9,2,0,1,1,1
1,1.7,1,1,1,44,8,4,1348,11,6,7,1,1,1,1
1,0.7,1,0,1,27,4,6,3957,17,15,6,1,0,0,3
0,2.0,0,9,1,14,8,13,1212,12,8,12,1,0,0,0
0,2.2,0,0,1,24,8,2,3925,8,1,10,1,1,1,3
1,0.5,1,0,0,32,6,0,348,17,11,18,1,0,1,0
1,2.5,0,9,0,40,5,20,1382,12,7,8,0,1,0,1
1,2.9,1,5,0,18,2,8,980,13,7,16,0,0,1,0
0,2.8,1,1,0,16,3,9,838,14,2,18,0,1,0,0
0,2.0,0,8,1,31,3,20,378,11,6,9,1,1,0,0
0,2.2,1,4,1,22,4,8,909,18,4,7,1,0,1,0
1,0.9,0,2,1,13,4,19,3632,17,8,19,1,1,0,3
1,2.9,0,0,1,64,8,1,3396,5,3,7,1,0,0,2
0,0.5,1,5,0,53,5,7,1861,13,10,16,0,1,0,1
1,2.5,0,0,1,27,6,1,348,7,5,19,1,1,1,0
1,2.5,0,7,0,13,4,12,2528,11,8,16,0,0,0,2
0,0.5,1,7,1,5,8,10,2190,16,10,16,1,1,0,1
1,1.4,1,6,0,6,8,8,663,12,4,5,0,1,1,0
0,2.7,1,16,1,11,6,18,961,10,7,19,1,0,1,0
0,2.5,0,0,1,44,4,2,1280,8,1,16,1,0,1,1
0,0.9,0,9,0,50,8,18,2189,7,5,16,0,1,0,2
1,0.5,0,3,1,55,3,8,531,18,10,13,1,1,1,0
1,0.5,1,0,1,12,4,3,2331,18,12,20,1,0,1,1
0,2.1,0,1,0,31,5,4,794,11,5,9,0,1,1,1
0,2.8,0,1,0,50,1,8,2644,7,2,11,0,1,1,2
1,0.5,0,5,1,22,1,8,1666,15,4,20,1,1,1,1
1,1.5,0,0,1,57,4,0,2157,8,6,18,1,0,0,1
0,2.1,0,16,0,44,1,20,1196,10,6,5,0,0,1,1
0,0.9,1,6,0,33,6,7,2072,10,8,19,0,1,0,2
0,0.5,0,10,1,42,1,20,1590,12,0,14,1,0,0,1
0,0.9,1,3,0,11,8,12,2916,16,11,18,0,1,1,3
0,0.5,1,7,0,31,2,10,3707,5,1,19,0,0,1,3
1,0.5,0,1,1,10,6,5,726,11,4,3,1,1,0,0
1,2.3,0,4,0,44,2,11,3577,17,7,4,1,1,0,3
0,0.8,1,11,0,28,6,13,2627,18,3,15,1,0,1,2
1,1.7,0,0,1,20,4,9,685,15,11,7,1,1,1,0
0,2.6,0,0,0,33,6,10,1693,6,2,5,0,1,0,1
1,1.2,1,3,1,40,6,7,2137,11,8,12,1,0,1,2
1,0.9,1,4,1,10,8,20,3696,9,0,3,1,0,1,3
1,0.6,0,0,1,33,3,2,3771,10,3,9,1,0,1,3
0,2.2,0,0,1,40,4,20,1342,16,11,4,1,1,1,0
1,2.0,0,0,1,20,3,0,1379,17,1,16,1,0,1,1
1,2.1,1,5,1,11,3,6,1164,15,12,19,1,1,0,1
0,1.9,1,1,0,63,1,20,908,18,13,6,0,0,1,1
0,1.0,0,0,1,10,4,0,1019,19,9,15,1,1,0,1
1,2.6,0,14,0,29,6,20,3685,13,1,18,0,0,0,3
0,1.1,1,2,1,5,1,13,1470,12,0,12,1,0,0,1
0,1.0,0,6,0,2,1,11,2299,19,9,9,1,1,1,2
1,2.7,0,0,0,39,8,1,999,6,2,11,1,1,0,0
1,2.3,0,0,1,44,1,10,3011,7,4,12,1,1,0,2
1,2.0,1,2,1,54,1,11,3142,13,0,6,1,0,1,3
0,1.5,0,8,0,12,6,20,1543,7,5,19,1,1,0,1
0,2.1,0,7,1,40,4,11,3692,13,0,16,1,1,0,3
0,2.3,0,0,1,31,6,14,2753,13,7,17,1,0,1,1
0,0.6,1,1,0,50,2,8,2156,13,6,6,1,1,1,1
1,0.5,0,11,0,9,5,15,2637,8,4,3,1,0,0,2
1,2.3,0,0,0,21,8,1,331,11,8,7,1,0,0,0
0,1.2,1,1,1,22,3,6,1214,12,5,16,1,1,0,1
1,0.5,0,9,0,3,7,15,2248,19,3,15,1,1,1,2
1,1.3,1,0,0,36,5,14,3073,19,1,8,1,1,1,3
1,1.2,1,7,1,8,7,8,422,7,6,15,1,0,0,0
1,0.8,0,5,0,12,3,14,2293,5,1,2,0,1,0,1
1,1.9,1,9,1,2,1,14,3958,12,2,19,1,1,0,3
1,0.5,1,1,1,29,1,14,432,6,1,10,1,1,1,0
1,0.5,1,3,1,48,8,12,1152,8,3,3,1,0,0,0
1,2.0,1,0,1,26,6,2,1303,8,4,2,1,0,1,0
0,3.0,0,4,1,20,2,6,797,6,1,11,1,1,0,0
1,0.5,0,2,1,40,8,17,298,8,2,17,1,1,0,0
0,2.9,0,2,0,20,6,7,3847,8,0,12,1,0,1,3
0,1.0,0,1,0,64,3,6,2110,18,9,6,1,1,1,1
1,0.5,1,5,1,43,3,7,1921,9,2,3,1,1,0,2
0,0.7,1,6,0,60,2,15,2423,17,11,6,1,0,0,2
1,0.5,1,0,1,15,2,0,1658,15,9,20,1,1,1,2
1,0.5,1,2,0,21,8,4,2361,17,8,7,1,0,0,1
0,0.7,0,7,0,60,4,10,1380,14,5,14,1,0,0,1
1,1.4,1,4,1,4,6,18,3892,5,1,4,1,1,1,3
0,1.8,1,5,1,8,5,9,315,7,6,20,1,0,0,0
1,1.5,1,4,1,36,4,16,2289,10,2,19,1,1,1,1
0,2.5,1,0,1,11,7,20,2182,7,3,17,1,1,0,2
0,2.8,1,7,0,23,6,18,2184,13,9,20,1,0,1,2
1,1.6,0,0,0,48,8,2,2872,7,2,11,1,0,1,3
1,0.6,1,9,1,35,6,17,2367,5,3,15,1,0,1,1
0,1.5,0,7,0,3,4,10,1919,12,10,20,1,1,0,1
0,2.3,1,1,0,34,5,10,3296,17,6,14,0,0,0,3
0,2.4,1,5,1,14,8,10,462,18,7,11,1,1,1,0
0,0.5,0,2,1,27,1,16,1591,11,9,20,1,1,0,1
0,2.6,0,0,1,20,2,18,1593,19,11,2,1,0,1,0
1,1.9,1,13,1,42,7,17,2456,7,4,7,1,0,0,1
0,1.4,1,3,0,14,4,4,2933,16,3,11,0,1,0,3
0,2.2,1,1,1,22,7,2,3154,14,11,7,1,0,0,3
1,3.0,0,3,0,60,2,4,3615,5,2,9,1,0,0,3
0,1.6,0,9,0,24,1,16,3563,17,10,3,0,0,0,3
1,0.5,1,6,0,33,8,7,1440,17,15,19,1,0,0,1
1,2.4,1,14,1,57,2,17,1907,15,14,5,1,0,0,1
0,2.3,0,0,1,38,1,1,324,14,10,2,1,1,1,0
0,1.0,0,0,0,50,4,10,1404,10,3,15,1,1,1,1
0,2.5,0,2,1,8,4,18,2738,18,16,12,1,0,0,2
0,0.5,0,1,1,60,3,3,2722,12,6,16,1,0,0,2
0,1.0,1,5,1,12,8,6,2294,8,7,20,1,0,1,3
1,2.8,0,1,1,30,1,10,1424,18,4,13,1,0,1,1
1,2.2,1,4,0,55,8,9,1133,14,3,10,0,1,0,1
1,2.0,1,5,1,58,6,11,555,19,10,11,1,0,1,0
1,2.3,0,0,0,9,6,5,3785,13,10,14,1,0,1,3
1,1.3,1,5,0,59,7,19,3675,12,0,12,0,0,0,3
1,0.5,0,0,1,38,5,10,435,9,2,2,1,1,0,0
1,1.9,1,12,0,11,8,14,3183,5,0,4,1,1,1,2
1,1.8,0,9,1,6,2,15,3495,17,4,7,1,1,0,2
0,0.6,0,9,0,57,3,10,1853,15,10,18,0,0,1,1
0,0.8,0,7,0,16,4,12,2648,12,0,19,1,1,0,2
1,3.0,0,9,0,19,7,16,2647,14,13,20,0,1,0,2
1,0.7,1,1,0,30,8,8,702,19,15,15,1,1,1,0
1,0.7,0,5,0,5,2,7,1836,12,11,18,1,0,0,2
0,1.0,1,9,1,18,5,16,3894,13,10,9,1,1,0,3
0,0.5,0,9,1,30,2,19,2944,19,17,17,1,0,1,3
0,0.5,1,7,1,44,8,8,3424,13,11,9,1,1,0,3
1,1.8,1,1,0,40,1,5,2678,9,4,14,1,1,1,2
0,0.5,0,2,1,15,8,8,2424,12,5,9,1,1,0,2
0,2.2,0,2,0,20,6,16,2671,15,10,12,0,1,1,3
0,0.5,1,4,1,27,1,10,3078,15,2,6,1,0,1,2
1,0.5,1,0,1,15,3,1,2304,18,4,18,1,1,0,2
1,1.6,0,17,1,45,2,18,1146,6,1,17,1,1,0,1
1,1.3,0,0,1,39,7,1,2335,6,4,2,1,0,1,1
1,0.9,1,2,0,23,7,19,1422,5,0,15,1,1,0,1
1,0.7,0,0,0,55,8,1,2096,15,3,3,0,0,0,2
0,1.9,1,1,1,18,6,3,1303,17,16,4,1,1,1,0
0,1.2,1,18,1,36,2,19,1115,16,2,18,1,0,1,1
0,0.6,0,1,0,42,5,2,456,12,8,18,1,1,0,0
1,1.4,1,1,1,43,8,3,3396,14,2,18,1,0,0,3
1,1.2,0,0,0,28,2,3,2750,6,1,14,0,1,0,2
0,0.5,1,12,1,54,4,19,941,15,8,20,1,0,1,0
0,2.9,0,7,1,2,6,19,2278,13,4,2,1,0,0,2
0,0.5,0,5,1,26,4,10,2273,8,4,8,1,0,1,2
0,2.3,1,0,1,14,5,0,2355,17,16,2,1,1,1,2
0,1.9,0,2,0,50,1,10,2328,17,10,2,1,0,0,2
1,2.2,1,1,1,28,2,2,2638,8,4,13,1,1,1,1
1,0.7,0,1,0,23,6,14,558,8,5,13,1,0,0,0
0,0.5,0,3,1,39,4,4,1345,16,0,11,1,0,1,0
0,1.5,0,6,0,12,2,9,425,7,0,11,1,1,1,0
0,2.9,0,0,0,16,4,1,2192,15,13,9,1,1,1,1
1,2.0,0,0,0,14,6,2,3397,19,15,17,1,0,1,2
0,2.4,0,6,1,3,7,17,1208,14,13,17,1,1,0,1
1,1.6,1,2,1,27,2,6,267,12,10,16,1,1,0,0
0,0.7,0,0,1,34,4,10,3518,7,3,8,1,1,1,3
0,0.5,1,6,0,16,8,14,3122,7,0,4,0,0,1,2
1,1.9,1,0,1,43,8,2,1050,11,9,3,1,1,1,0
1,1.8,1,11,0,56,2,13,3358,17,11,12,1,1,1,3
0,2.7,1,2,0,42,8,3,2929,10,4,17,1,0,0,2
0,1.5,0,2,1,12,8,5,624,9,7,15,1,0,0,0
0,1.7,0,6,0,49,1,17,1598,7,0,8,0,1,0,1
0,0.5,1,0,1,24,5,1,2052,17,6,10,1,1,0,2
0,2.6,1,9,1,15,6,20,1249,16,2,4,1,1,0,1
1,1.9,0,2,1,54,2,7,412,17,11,2,1,0,0,0
1,2.4,1,0,0,19,2,1,595,19,0,3,0,0,0,0
1,1.7,1,2,0,19,7,19,263,6,5,8,0,0,0,0
0,2.0,0,0,1,22,8,0,2577,17,16,5,1,1,0,2
1,2.4,1,6,0,46,4,10,639,6,0,3,0,0,1,0
1,0.6,1,11,0,2,1,14,3206,10,9,10,1,1,0,3
1,2.6,1,5,0,26,5,15,1550,7,2,3,0,1,0,1
0,0.5,0,1,1,31,2,12,1646,12,0,6,1,1,0,1
1,2.0,0,11,0,35,4,14,1930,17,7,15,0,1,0,2
0,1.1,0,3,0,11,2,7,3695,6,5,18,1,0,0,3
0,0.5,1,1,1,36,8,11,3235,6,1,10,1,0,1,3
0,0.5,0,0,0,7,6,12,2334,8,7,14,0,1,0,2
0,0.6,0,3,0,62,4,19,1998,17,4,17,0,0,0,1
0,2.2,0,0,1,7,1,2,2258,10,1,10,1,0,0,2
1,0.6,0,16,1,42,7,17,1869,12,2,7,1,1,1,1
0,3.0,1,10,1,30,3,13,1825,7,1,4,1,0,1,2
1,0.5,1,1,1,5,5,2,3946,12,5,14,1,1,1,3
1,2.8,0,1,0,8,7,3,436,10,6,15,1,1,1,0
0,2.9,0,0,0,53,6,2,2678,6,0,8,1,0,0,2
1,0.5,0,7,0,59,1,11,3887,8,6,7,1,0,1,3
1,2.1,1,10,0,35,4,16,1813,16,13,20,1,1,1,1
1,1.2,0,2,1,27,2,10,817,14,1,16,1,1,1,0
0,1.6,1,4,1,24,1,17,3614,15,12,9,1,0,0,3
1,2.2,1,0,1,39,8,18,2013,11,7,16,1,1,0,1
1,0.8,0,1,0,5,5,17,543,8,7,18,0,0,1,0
0,1.9,0,8,0,27,8,13,3400,16,6,13,0,1,1,2
0,0.5,1,3,0,17,6,4,2623,17,16,16,0,0,0,1
0,1.7,1,0,1,33,4,2,2700,9,3,19,1,0,0,2
1,0.8,1,9,1,21,2,10,1400,11,0,13,1,1,0,1
0,2.3,1,0,1,58,5,20,3127,10,7,11,1,0,0,2
0,2.7,0,12,1,44,5,17,2803,19,9,6,1,1,1,3
0,2.3,1,3,0,15,5,11,2518,18,17,5,0,1,1,2
0,1.2,0,1,0,6,6,15,3564,7,2,2,1,1,0,3
0,1.6,0,2,0,37,1,3,2515,14,8,4,1,0,1,2
0,2.8,1,1,0,40,3,7,3654,13,9,10,1,1,1,3
0,2.7,0,0,1,24,8,19,3930,17,1,18,1,1,1,3
1,0.5,1,7,1,39,7,19,3476,11,8,17,1,1,0,3
1,0.8,0,5,0,41,1,12,3242,18,11,4,1,0,1,3
0,0.8,0,7,0,52,6,8,2666,5,4,20,1,1,0,2
0,1.1,0,6,0,48,8,7,1695,13,6,17,1,0,1,2
0,1.4,1,0,1,15,3,1,3510,14,4,18,1,0,1,2
1,1.1,1,3,0,17,8,20,3438,14,3,20,0,0,0,3
1,2.7,0,3,1,41,4,10,2033,16,9,2,1,1,0,1
0,1.5,0,1,0,62,1,2,1017,11,3,9,1,0,0,1
1,3.0,1,5,1,38,2,10,1686,8,1,8,1,0,1,1
0,2.7,0,1,1,58,5,12,862,7,0,20,1,0,0,0
0,0.5,0,6,1,11,5,14,957,6,5,11,1,1,0,0
0,2.9,0,5,0,16,4,12,3494,13,3,14,0,0,1,3
0,2.6,1,11,1,56,4,13,3083,8,4,11,1,1,1,2
0,1.2,0,12,0,30,6,14,1656,8,4,15,1,1,1,1
0,2.3,0,6,1,34,2,12,313,15,1,19,1,1,0,0
1,0.5,1,1,1,20,8,6,3282,16,2,18,1,1,1,3
1,2.9,0,0,0,47,6,4,3629,19,17,5,0,1,1,3
0,1.7,1,11,1,44,2,14,1687,15,5,5,1,1,1,1
1,0.8,0,13,1,28,4,20,1149,8,7,18,1,1,0,0
0,2.8,0,1,1,62,3,7,3899,5,4,6,1,0,1,3
0,0.5,1,10,1,4,2,13,1783,13,12,10,1,1,0,2
1,0.5,1,2,1,47,5,13,1629,8,6,11,1,1,0,1
0,2.6,1,3,0,8,1,7,2528,11,8,8,0,1,0,2
1,2.0,0,0,1,2,7,2,3256,9,6,5,1,1,0,3
1,2.8,1,16,0,41,8,17,2341,10,9,16,0,0,1,2
1,2.8,1,6,0,57,1,12,2785,15,10,16,1,0,0,2
0,0.5,1,14,1,14,3,17,3761,13,1,12,1,0,0,3
1,2.0,0,9,1,5,6,16,1513,15,6,2,1,0,1,1
1,1.7,1,1,1,45,2,7,2240,10,6,5,1,1,0,1
1,1.0,1,0,1,5,4,1,820,19,18,3,1,1,1,1
1,0.5,0,2,1,59,2,3,1875,16,8,8,1,1,1,1
1,0.5,1,0,1,33,3,17,920,16,2,10,1,1,1,0
0,2.5,0,10,1,63,4,14,3615,18,8,13,1,0,1,2
0,1.8,0,2,0,7,7,3,1412,16,9,5,0,0,1,1
0,2.9,1,4,0,5,1,13,361,6,1,10,0,1,0,0
0,0.6,1,5,0,50,4,8,1540,12,8,3,1,1,0,1
1,2.8,1,3,1,11,2,9,1077,6,1,4,1,0,1,0
0,2.0,1,0,0,40,5,1,3610,13,7,9,0,0,1,3
1,2.1,1,10,0,57,6,18,512,5,2,6,0,0,0,0
1,3.0,0,14,0,62,8,20,3024,6,0,20,0,0,1,3
1,0.5,1,4,1,27,1,17,1610,11,0,16,1,0,0,1
0,2.9,0,5,1,16,1,19,2201,17,16,12,1,0,0,1
1,1.3,1,4,1,42,7,15,3338,18,13,11,1,1,1,3
1,1.5,1,6,0,61,4,9,3473,7,3,4,0,0,1,3
1,1.3,1,10,1,10,8,17,2203,7,5,15,1,1,1,1
0,0.5,0,10,0,13,4,11,940,14,10,15,1,1,0,1
0,2.5,0,1,0,4,8,9,1155,19,14,12,0,1,1,1
1,1.8,1,0,0,20,4,0,3872,10,2,7,0,0,1,3
0,0.5,1,3,1,61,6,6,1882,16,6,10,1,0,1,2
1,2.9,0,16,1,16,8,19,1798,16,7,10,1,0,0,1
1,0.5,1,1,1,18,6,3,2598,17,2,3,1,0,0,3
0,0.5,0,0,1,46,1,7,1567,15,2,7,1,1,0,1
0,1.0,1,14,0,2,1,20,1491,16,2,14,1,0,0,1
0,1.5,0,5,1,42,2,7,2003,12,4,3,1,0,0,2
1,1.6,1,4,1,54,4,6,3905,6,2,4,1,0,0,3
0,3.0,0,5,1,57,5,10,291,19,9,11,1,1,1,0
1,1.5,0,6,1,9,8,13,1693,11,4,18,1,0,1,1
0,1.9,1,7,1,25,4,9,1788,13,11,13,1,0,1,1
0,1.2,0,3,0,26,6,5,3322,18,7,20,0,0,1,3
1,2.8,1,0,1,32,6,1,1751,12,10,20,1,0,1,2
1,2.7,0,10,0,23,1,14,1641,14,8,12,1,1,0,1
1,0.7,0,4,1,51,7,7,2854,10,7,12,1,0,1,2
0,1.0,0,5,1,17,4,9,3115,7,0,2,1,0,0,2
1,1.7,1,6,0,45,1,9,3259,10,1,14,1,0,1,3
1,0.5,1,5,1,49,8,6,1612,17,9,17,1,1,0,2
1,0.5,1,0,0,37,4,0,2319,5,4,4,0,0,0,1
1,2.8,1,0,1,7,5,4,1258,17,14,16,1,0,0,1
1,2.0,0,3,0,41,5,5,1543,18,3,10,0,0,1,1
0,0.5,1,14,1,49,2,15,3991,12,4,19,1,0,0,3
1,1.6,0,5,1,62,1,9,3555,5,2,19,1,0,0,3
1,2.8,1,13,1,5,4,18,3411,17,16,18,1,0,0,3
0,1.9,0,5,0,24,8,19,524,9,3,4,0,0,0,0
1,1.9,0,13,1,35,6,14,3541,18,17,4,1,0,1,3
0,1.6,1,5,0,4,6,7,1998,9,2,4,0,0,0,2
1,0.5,1,0,1,33,5,0,3437,11,1,2,1,0,0,3
1,0.5,1,1,1,17,2,8,1637,17,3,11,1,0,1,1
0,0.5,0,6,1,52,1,14,3064,7,6,3,1,0,0,3
0,0.5,0,18,1,12,2,19,2855,16,13,7,1,1,1,2
0,0.6,1,0,1,53,1,12,1393,9,4,4,1,1,1,1
0,2.2,1,4,1,33,7,10,1633,18,4,4,1,0,0,2
0,1.1,0,4,1,48,4,5,2392,10,4,15,1,0,1,3
1,2.1,1,0,1,26,2,0,3284,15,2,8,1,0,1,3
1,0.9,0,3,0,20,6,9,464,7,5,16,1,0,1,0
1,1.8,0,1,0,45,7,7,1234,19,13,18,1,1,0,0
1,0.5,0,0,1,36,3,1,292,8,0,6,1,1,1,0
1,2.1,1,2,1,33,3,9,2521,6,5,16,1,0,0,2
1,2.9,1,0,0,20,5,0,2658,15,0,19,1,0,0,2
0,1.4,1,8,0,27,4,9,587,6,3,13,0,1,1,0
1,2.7,0,8,1,2,4,16,2190,18,1,9,1,0,1,2
1,1.4,1,19,1,35,4,20,879,16,2,8,1,0,0,0
0,2.1,1,0,0,54,1,13,1743,7,1,9,0,1,0,2
1,0.5,0,16,0,21,4,20,1181,16,0,18,1,1,0,1
1,0.5,0,1,0,29,7,12,3330,14,4,15,1,0,1,3
0,0.5,0,15,1,42,8,16,3564,12,1,17,1,0,0,3
0,1.0,1,0,1,56,4,14,562,17,14,8,1,1,1,0
1,0.5,0,0,1,47,4,1,1659,11,10,11,1,1,0,1
1,0.5,0,8,0,14,8,11,1816,12,7,7,0,0,1,2
1,1.4,1,2,1,49,5,9,1338,16,8,5,1,1,1,0
0,2.8,0,10,1,7,8,12,2992,15,3,17,1,1,0,2
0,0.8,1,5,1,7,8,20,315,16,7,7,1,1,0,0
0,1.9,0,0,0,2,7,3,3249,19,0,12,0,0,1,2
1,2.7,1,0,0,5,4,1,3242,10,1,20,0,1,0,2
1,0.8,1,2,0,28,4,6,2725,15,10,7,0,0,0,2
1,0.6,1,0,1,27,4,2,586,19,8,19,1,0,1,0
0,2.4,0,6,1,9,3,8,2454,9,8,13,1,1,0,2
1,0.9,0,7,0,30,4,20,804,17,14,16,0,1,1,0
1,2.3,0,3,1,44,7,14,2460,10,5,18,1,0,0,2
0,2.6,1,7,0,27,1,10,1295,18,15,17,1,0,1,0
1,2.0,1,2,1,8,5,3,2625,15,11,12,1,1,0,2
1,0.5,1,2,0,21,2,19,1999,15,9,2,1,0,1,1
1,2.7,1,3,0,15,2,7,2698,11,8,6,1,0,0,2
0,1.4,0,5,1,26,6,16,3742,13,3,13,1,1,0,3
0,2.8,1,0,1,21,5,3,1193,16,13,20,1,0,1,1
0,1.1,0,12,0,24,7,16,3511,16,14,15,1,1,1,3
0,1.1,1,6,1,20,2,8,885,11,1,14,1,1,0,0
0,3.0,1,6,1,5,5,7,1044,8,7,11,1,0,0,0
0,0.5,1,12,1,17,5,19,2548,6,1,5,1,0,1,2
1,2.1,1,0,1,19,2,1,2940,13,0,15,1,0,1,2
0,0.8,1,4,1,11,5,7,3966,17,15,2,1,1,1,3
1,0.5,0,11,1,48,8,20,3484,11,10,16,1,0,0,3
1,2.6,1,2,0,5,1,3,1246,12,2,20,0,1,0,1
1,1.9,0,4,1,52,3,8,2757,17,12,15,1,1,0,2
0,0.9,1,15,1,24,3,18,2378,18,3,4,1,0,0,1
0,1.8,0,4,1,12,6,5,1794,18,7,19,1,1,1,1
0,0.5,0,5,0,32,8,18,3933,7,0,7,1,0,1,3
1,1.4,0,9,0,26,6,10,1637,7,3,6,1,0,1,0
1,1.9,1,2,0,21,8,8,783,6,1,11,1,1,0,0
1,1.6,0,2,0,42,5,6,3094,12,4,20,0,0,0,2
1,0.5,1,0,1,28,8,0,1774,12,8,10,1,0,0,1
1,0.8,0,6,1,59,7,14,256,18,7,2,1,0,1,0
0,0.5,0,3,1,52,2,9,1365,9,3,16,1,0,1,1
0,1.1,0,11,1,45,3,20,2339,19,2,10,1,1,0,2
1,2.3,0,5,1,57,2,6,2049,12,8,5,1,1,0,1
1,0.9,1,0,1,28,5,1,3241,14,11,11,1,1,0,3
1,0.5,1,10,1,21,4,11,867,8,3,3,1,1,0,0
1,1.3,0,1,0,50,5,9,2175,14,4,14,0,0,1,1
1,0.5,1,5,0,44,2,9,3497,18,10,18,0,1,0,3
0,1.3,1,1,0,10,4,3,609,11,3,5,1,0,1,0
1,1.7,1,0,1,43,6,1,3285,11,5,17,1,1,0,2
0,2.3,1,1,1,35,1,3,3684,15,8,6,1,0,0,3
0,1.9,1,2,0,57,6,6,3586,19,9,8,0,0,1,3
1,0.5,0,1,1,26,4,9,2322,19,8,7,1,0,1,2
0,0.6,0,5,1,56,2,10,354,10,4,13,1,1,1,0
1,0.7,1,3,1,27,4,4,3204,18,1,9,1,0,1,3
0,1.3,0,2,0,44,3,3,1400,17,7,3,0,0,1,1
1,1.7,0,5,1,23,8,6,2308,11,10,9,1,1,0,1
1,0.5,1,3,0,46,8,15,1082,15,5,10,1,0,1,0
0,1.2,1,4,0,40,2,17,3104,17,7,11,0,0,0,2
1,2.0,0,3,1,22,2,8,2847,9,2,4,1,0,1,2
1,2.5,0,3,0,44,8,11,2256,6,1,19,0,1,1,2
1,2.3,1,0,0,16,7,13,1113,14,1,6,0,0,1,0
1,1.6,0,15,0,32,6,19,3210,10,3,8,1,1,1,3
1,0.5,1,0,1,23,6,9,3990,14,9,12,1,1,1,3
1,0.6,1,0,0,63,7,10,984,17,4,9,1,0,1,0
0,2.7,1,8,0,8,8,19,3117,6,0,2,1,0,0,3
1,1.6,0,0,1,48,7,2,1622,18,17,16,1,1,1,2
0,1.0,1,0,1,64,3,7,2967,7,3,7,1,1,1,3
1,1.4,0,3,1,12,3,4,1037,15,3,15,1,0,1,0
1,2.5,0,3,0,7,8,10,2908,12,4,11,0,0,1,2
1,3.0,0,1,1,30,2,3,1167,5,3,19,1,0,0,0
1,2.2,1,6,0,19,8,16,2715,15,9,16,0,1,0,2
0,1.3,1,1,0,16,7,4,1734,17,8,14,0,0,1,1
1,1.5,0,5,0,11,3,7,2259,14,12,19,0,1,1,3
1,2.9,0,0,0,16,3,0,2921,8,5,17,0,1,0,3
1,0.7,1,7,0,47,3,9,1244,14,10,16,0,1,0,0
0,1.3,1,9,1,64,3,19,3132,17,0,2,1,1,1,3
1,2.4,1,3,1,23,5,4,2488,8,4,8,1,0,0,2
0,0.5,1,10,1,29,6,16,1052,11,9,11,1,0,0,0
0,0.5,0,8,1,28,2,15,2927,15,6,3,1,0,0,2
1,0.7,1,3,1,26,4,6,2090,5,1,13,1,1,0,1
1,0.5,1,3,1,34,4,16,2131,7,2,6,1,0,1,2
1,1.0,0,7,1,47,1,11,3362,13,10,11,1,0,0,3
0,0.5,1,16,1,23,4,18,1053,14,11,16,1,1,1,1
1,0.9,1,1,0,51,8,2,1799,16,9,7,0,1,0,1
1,0.5,1,9,1,54,5,20,3124,5,0,13,1,0,0,3
1,0.5,1,0,1,11,2,12,1672,17,13,19,1,1,0,0
0,2.2,1,0,0,15,4,7,1552,10,8,10,1,1,0,1
1,2.8,1,0,0,64,6,6,1938,19,8,5,1,0,1,1
0,1.9,0,2,1,47,2,9,3202,13,1,14,1,0,0,3
0,0.7,1,4,0,53,1,11,1302,13,7,13,0,0,0,0
1,2.8,1,1,1,64,4,2,2296,12,0,5,1,1,0,1
1,0.5,1,6,0,8,7,9,575,15,8,7,1,0,1,0
0,1.1,0,12,0,12,6,20,2359,13,6,3,0,0,0,1
1,1.5,0,14,1,20,5,18,3314,6,5,6,1,1,1,2
0,1.7,0,0,0,60,3,1,440,14,10,13,1,0,0,0
1,1.9,1,8,0,11,6,10,2002,17,8,5,1,1,0,1
0,0.8,1,3,1,16,6,17,3167,14,8,20,1,1,0,3
0,2.2,1,2,0,37,2,6,3480,17,16,17,1,1,1,3
1,2.3,1,12,1,47,2,19,595,10,0,19,1,0,1,1
0,0.5,1,4,0,2,5,16,2466,5,3,18,0,1,1,2
1,1.8,0,5,0,60,6,6,1337,12,7,14,0,1,0,1
0,1.4,1,4,0,53,1,17,1462,19,18,13,1,0,1,0
0,0.5,0,0,0,58,8,0,503,7,3,5,1,1,0,0
1,2.1,0,7,0,30,7,8,2066,9,0,15,0,0,0,1
1,2.6,0,1,0,27,5,2,708,17,5,17,0,1,1,0
1,2.0,0,1,1,55,7,2,2029,10,5,12,1,1,1,1
1,0.5,0,0,0,38,5,1,308,19,17,7,1,1,1,0
0,0.9,0,1,0,6,4,16,552,6,1,11,0,0,1,0
0,1.6,0,4,1,63,2,8,2082,15,10,12,1,0,0,1
1,0.5,1,1,0,16,5,7,3314,9,7,17,0,0,1,3
1,1.7,1,1,1,19,4,4,3996,12,9,17,1,1,1,3
1,1.5,1,6,1,5,4,10,1795,7,3,4,1,1,1,1
0,2.4,1,1,0,51,5,15,594,16,6,20,1,0,1,0
1,0.5,1,3,1,58,5,12,2473,10,4,9,1,0,1,2
1,0.7,0,0,1,31,5,2,690,5,2,15,1,0,0,0
1,2.4,0,13,1,34,2,17,3845,15,1,4,1,1,1,3
0,1.5,1,0,1,17,7,0,2004,11,8,9,1,1,1,1
0,1.5,1,13,0,53,5,16,2083,19,15,20,0,1,1,2
0,0.6,0,3,1,26,6,14,2661,9,7,4,1,1,0,2
1,1.8,1,4,0,57,3,10,1903,8,4,14,0,1,0,1
1,2.1,0,9,0,56,1,14,2466,8,0,5,1,0,0,2
0,2.1,0,4,1,2,1,17,3779,9,3,7,1,1,1,3
1,2.2,0,8,0,5,3,17,3904,5,1,7,1,1,1,3
0,1.7,1,4,1,48,6,8,265,8,0,12,1,0,0,0
1,1.6,0,9,1,60,1,12,1417,10,4,19,1,0,1,0
1,0.8,0,6,1,26,7,12,1769,10,1,16,1,0,0,1
0,1.4,1,1,0,17,1,2,2948,12,3,5,0,0,1,2
0,1.5,0,4,1,41,3,16,2572,16,5,16,1,0,1,2
1,2.2,0,3,1,21,7,4,3267,17,9,19,1,0,0,2
1,1.2,1,6,1,37,4,7,1459,15,3,2,1,1,0,1
0,1.3,0,0,1,12,8,6,1633,15,10,5,1,1,1,2
0,0.6,1,0,1,45,4,11,2052,5,3,6,1,0,1,1
1,0.9,1,12,1,14,4,14,1086,14,7,3,1,1,0,0
0,0.6,0,2,1,24,2,3,2402,12,10,14,1,1,1,2
0,1.5,1,1,0,42,2,2,3376,7,0,7,0,1,0,3
0,0.8,1,1,0,52,7,10,1507,5,0,4,0,0,1,0
0,1.8,1,2,1,44,3,7,641,9,1,8,1,0,1,0
1,0.5,1,0,0,35,1,19,3451,5,2,17,1,1,1,3
1,1.0,0,8,0,14,7,9,1607,15,0,10,1,1,1,0
1,0.5,1,3,1,6,1,4,3521,15,11,9,1,0,0,3
0,2.9,1,3,1,7,2,6,1241,9,0,16,1,0,0,0
0,0.6,0,14,0,16,7,15,881,6,3,17,0,1,1,0
1,1.0,0,3,1,62,7,8,2563,18,14,15,1,0,1,3
0,1.2,0,11,0,61,3,14,3033,14,11,17,0,1,0,3
0,0.6,1,9,1,59,7,10,769,19,13,3,1,0,1,0
1,2.5,0,13,1,49,4,14,3454,17,11,2,1,0,1,3
1,1.8,0,1,1,60,4,4,819,10,3,4,1,0,0,0
1,0.5,1,8,0,2,6,19,435,12,9,3,0,1,1,0
0,2.9,0,1,0,30,7,3,586,10,9,4,0,1,1,0
1,1.1,1,14,1,19,6,19,650,17,0,10,1,0,1,0
0,2.6,0,6,0,14,4,15,3038,18,0,14,1,0,0,3
1,0.7,0,1,1,60,5,4,3736,14,8,5,1,0,0,3
1,2.8,0,3,0,9,1,13,2948,8,3,3,1,1,0,2
1,1.4,0,4,1,19,7,12,739,18,1,2,1,1,0,0
0,2.5,0,3,1,25,2,5,686,8,6,11,1,1,0,0
1,1.9,0,5,0,7,2,20,841,13,10,11,0,1,0,0
0,2.7,0,3,0,29,8,17,1183,5,3,8,1,0,0,0
0,0.6,1,3,1,19,3,8,3943,13,0,4,1,1,0,3
1,2.8,0,1,0,54,7,20,1037,6,4,15,1,0,0,0
1,0.5,1,11,1,53,4,20,2633,16,0,9,1,0,0,2
1,2.6,1,7,0,44,3,12,3911,13,6,8,0,0,0,3
1,2.3,0,7,0,20,7,13,1958,7,5,2,1,0,0,2
1,0.5,1,1,1,22,8,4,3297,7,5,16,1,0,0,3
1,1.0,0,7,1,24,3,16,3141,6,2,11,1,1,1,3
0,1.7,1,8,0,17,6,15,3351,12,9,19,0,0,1,2
1,1.5,0,10,0,55,7,20,2355,14,7,6,1,1,1,3
0,2.9,0,0,1,3,3,0,1308,5,0,2,1,1,0,1
0,0.6,1,1,0,27,5,8,991,14,8,7,1,0,0,0
1,2.9,1,1,1,39,8,2,3248,8,6,6,1,0,1,2
1,0.9,0,5,0,5,4,7,1519,13,0,2,0,0,1,0
0,1.6,1,0,1,53,6,1,493,18,9,10,1,1,0,0
1,1.2,0,0,0,2,6,0,1747,7,0,14,0,1,0,1
1,0.5,1,0,0,64,4,0,2517,16,8,7,1,1,1,1
0,1.8,0,0,1,53,1,4,1389,17,8,8,1,1,1,1
0,1.6,0,18,1,2,5,20,2522,10,5,2,1,0,1,2
1,1.2,1,8,0,27,5,16,1885,10,9,7,1,1,0,2
0,2.1,1,18,1,16,7,20,704,14,5,4,1,1,1,0
1,2.7,0,5,0,10,6,10,953,18,11,20,0,1,1,0
1,1.7,1,3,0,28,1,18,3206,16,15,4,0,0,0,3
0,0.9,1,0,0,42,1,14,928,12,10,9,0,0,1,0
0,2.3,1,11,0,2,4,20,2177,12,2,17,0,1,0,1
1,2.1,1,0,0,52,3,1,2610,10,1,11,1,1,1,2
0,2.4,0,18,1,12,7,20,489,9,4,2,1,0,1,0
1,2.3,0,1,1,8,8,8,3839,17,3,11,1,0,1,3
0,2.8,0,3,1,15,1,13,1861,8,5,17,1,1,1,1
0,2.9,0,4,0,56,2,6,299,6,2,10,0,1,0,0
1,0.5,0,7,1,32,2,12,340,16,5,16,1,0,0,0
1,2.7,1,1,1,15,5,18,3606,10,0,5,1,1,1,3
1,1.8,1,0,0,62,4,4,799,7,3,9,1,0,1,0
1,2.1,1,3,0,46,6,12,2367,11,7,10,1,0,1,1
0,1.0,0,1,1,30,3,9,445,10,8,10,1,1,0,0
0,0.5,1,2,0,11,1,16,3927,8,3,7,1,0,0,3
1,0.9,1,3,1,63,5,9,3756,17,5,12,1,1,1,3
0,0.5,0,9,0,36,4,20,770,14,1,15,0,0,1,0
1,1.9,0,2,1,21,1,9,1641,7,2,13,1,0,0,1
1,1.4,0,1,0,13,8,2,2343,17,12,15,1,0,0,2
0,1.5,0,9,0,9,4,15,2787,10,8,7,1,0,1,2
1,1.4,0,1,0,47,5,2,2495,8,7,16,0,0,1,2
0,1.6,0,3,1,45,5,4,3208,11,9,4,1,0,0,3
1,0.8,0,7,0,18,7,11,1234,7,4,14,1,0,1,0
0,0.8,1,0,1,38,8,0,1069,7,6,7,1,0,0,1
0,2.4,1,1,0,11,5,11,3568,16,14,3,0,0,1,3
0,1.4,0,2,0,45,5,11,3585,10,1,10,1,0,0,3
1,0.5,0,2,0,2,4,10,1974,14,1,18,1,1,0,1
1,1.9,0,5,0,35,3,14,2419,15,5,19,0,0,0,3
0,1.2,1,0,0,13,2,0,340,17,13,4,1,0,1,0
0,1.2,0,1,1,41,8,8,2282,5,2,17,1,1,0,1
0,1.2,1,9,0,63,4,11,298,10,1,10,1,1,0,0
0,2.5,0,3,1,39,2,8,968,6,2,2,1,0,0,0
0,1.0,0,1,0,18,3,18,2391,12,6,3,1,1,1,2
1,2.1,0,2,1,62,2,10,1534,6,2,17,1,0,0,1
0,2.7,1,0,1,10,7,9,696,14,7,3,1,1,0,0
0,1.0,1,0,1,23,7,11,2782,7,0,17,1,0,0,2
1,2.4,0,1,1,45,2,7,755,18,3,9,1,0,1,0
1,0.5,1,1,1,16,6,17,3746,5,0,5,1,1,0,3
1,2.5,1,0,0,41,1,1,2651,17,7,4,0,0,0,1
0,1.0,1,9,1,45,8,11,1341,19,1,12,1,0,0,0
1,2.1,1,8,1,37,3,11,2651,15,5,3,1,1,1,2
1,1.6,0,2,1,12,5,20,1824,13,3,14,1,1,1,1
1,0.5,0,5,0,14,6,6,1905,16,3,19,1,1,1,2
0,0.5,0,0,1,40,7,14,1456,9,3,20,1,1,0,1
1,0.7,0,2,1,63,7,8,3155,11,10,7,1,1,1,3
1,2.4,1,8,1,33,3,15,773,17,7,2,1,1,0,0
0,1.6,1,0,1,35,7,7,1829,18,17,13,1,0,0,2
1,1.3,0,5,1,32,8,7,3883,12,2,5,1,0,1,3
0,0.9,1,0,1,33,1,0,1675,14,12,9,1,0,1,1
1,1.6,1,1,1,30,3,12,1601,10,9,12,1,1,1,1
1,2.0,0,3,1,2,8,10,1958,7,5,7,1,1,0,1
0,1.7,0,0,0,8,4,7,2376,19,6,11,0,1,0,2
0,0.6,1,6,1,21,2,12,1647,12,2,3,1,0,0,1
1,2.7,0,1,0,40,5,15,3548,14,4,5,0,1,1,3
1,0.6,0,0,0,37,4,15,2694,18,3,19,0,0,1,2
1,0.5,1,7,1,49,1,8,2195,5,4,4,1,0,1,2
1,2.5,0,12,1,4,5,20,2506,5,3,11,1,0,0,2
0,0.5,0,1,1,16,4,16,2073,9,5,4,1,1,0,2
0,2.2,0,4,0,21,6,11,3767,15,9,16,0,0,1,3
1,2.5,0,5,1,7,6,6,1150,7,2,7,1,0,0,1
0,2.9,0,7,0,6,6,8,841,9,1,2,1,0,0,0
1,0.5,1,2,1,7,5,15,1675,13,4,17,1,1,0,0
1,2.9,1,5,1,21,8,12,1301,8,6,12,1,1,0,0
1,1.2,1,0,0,32,6,1,1817,10,0,6,0,1,0,0
0,0.5,0,0,1,6,6,16,2321,7,5,20,1,1,0,2
0,1.4,0,0,0,25,7,14,1974,17,5,13,0,1,1,1
1,0.9,1,4,0,64,7,5,3433,6,5,10,1,1,0,2
1,1.6,1,1,1,27,3,10,1205,12,7,3,1,1,0,1
0,2.8,0,10,0,23,7,16,872,7,5,4,1,1,1,0
1,1.5,1,4,0,18,8,20,2052,9,3,14,1,1,1,1
1,2.5,1,0,1,64,1,9,3654,9,1,16,1,1,0,3
1,2.7,1,0,0,36,4,1,1503,10,0,13,0,0,0,0
1,2.1,1,4,1,24,5,6,3104,6,5,20,1,0,0,3
1,0.5,1,2,0,17,5,12,343,19,14,3,0,1,1,0
0,0.6,0,0,0,5,5,2,3430,7,5,19,1,1,1,3
1,2.6,1,6,0,45,4,19,2470,11,1,3,0,0,0,3
0,1.0,1,3,0,24,6,4,1396,15,8,9,1,1,1,1
0,2.0,0,0,0,27,6,7,2668,12,5,19,0,0,0,2
1,0.6,1,13,0,61,5,20,1457,14,10,20,1,0,1,0
1,0.5,0,9,0,16,7,17,2452,19,17,8,1,0,0,2
1,1.9,1,3,0,55,3,4,1871,13,5,4,1,0,1,1
0,0.7,0,4,0,40,4,11,1112,8,2,15,1,1,1,1
0,1.4,1,2,1,3,8,6,967,10,1,14,1,0,1,0
0,1.2,1,0,0,14,2,4,2498,13,6,8,0,0,1,2
0,2.9,1,2,0,42,6,8,387,14,5,3,0,1,0,1
0,1.0,1,0,1,21,2,0,635,17,7,15,1,0,0,0
0,1.3,1,5,1,6,8,20,2711,15,7,8,1,1,0,2
1,1.8,0,0,0,29,5,4,2023,17,13,8,1,1,0,2
0,1.1,1,0,1,25,7,7,2215,9,3,17,1,1,1,1
0,0.8,0,6,1,46,6,9,824,19,18,7,1,0,0,0
0,3.0,1,2,0,9,1,3,3851,10,3,14,1,0,1,3
1,0.5,1,9,1,33,2,16,2156,7,3,13,1,1,0,1
1,0.8,0,7,0,27,8,8,2885,8,4,2,1,0,1,3
1,0.5,0,2,0,10,7,7,495,15,6,14,1,1,1,0
0,1.1,1,1,1,18,2,16,2358,10,5,15,1,1,0,2
1,2.2,0,3,1,53,5,11,1744,6,3,10,1,0,0,1
0,1.2,0,1,1,9,3,2,1832,15,8,11,1,0,0,1
1,1.0,1,4,1,4,8,10,2016,13,10,16,1,1,1,1
0,2.6,0,8,0,6,3,20,1300,10,0,2,0,0,1,1
0,1.6,0,4,0,41,6,20,2313,14,1,11,0,1,0,2
0,1.8,1,12,0,34,5,16,3248,13,3,4,0,1,1,2
0,2.2,1,0,0,37,7,2,2216,9,5,6,1,0,0,1
1,2.1,0,8,0,59,5,15,3142,16,6,5,1,1,1,3
1,0.9,1,6,1,58,2,11,1850,9,4,8,1,0,0,1
1,1.0,0,9,1,13,4,15,1424,15,12,7,1,1,0,0
1,2.9,0,2,0,57,1,3,1620,9,2,19,0,1,1,1
0,2.8,0,2,0,15,3,11,2592,12,8,3,0,0,0,1
1,2.4,0,8,1,36,1,9,296,5,3,7,1,0,0,0
0,2.0,0,11,1,44,8,19,3579,19,8,20,1,1,0,3
1,2.9,1,1,0,21,3,4,1180,6,3,4,1,1,1,0
1,0.5,0,0,0,18,5,0,3962,15,11,5,1,1,1,3
0,2.2,0,1,0,50,1,2,3978,17,16,3,1,1,0,3
1,0.5,1,0,1,2,6,14,668,13,4,19,1,1,0,0
1,2.6,1,0,0,39,4,3,2032,11,10,16,1,1,1,2
0,0.9,1,1,1,36,8,3,3057,9,1,5,1,1,0,3
0,0.9,0,4,1,46,5,5,869,18,10,19,1,1,1,0
1,2.0,1,5,1,45,6,16,3919,19,4,2,1,1,1,3
